index,우편번호,주소,실시간빠른길,편한길,최적경로,무료우선,second_highest
0,1000,서울특별시 강북구 삼양로181길 132,35.26,37.86,35.26,35.26,35.26
1,1001,서울특별시 강북구 삼양로170길 62,34.44,37.04,34.44,34.44,34.44
2,1002,서울특별시 강북구 도선사길 93,36.06,44.97,36.06,36.06,36.06
3,1003,서울특별시 강북구 삼양로155나길 7,34.09,36.69,34.09,34.09,34.09
4,1004,서울특별시 강북구 삼양로169길 5,34.25,36.84,34.25,34.25,34.25
5,1005,서울특별시 강북구 삼양로 601,33.77,36.37,33.77,33.77,33.77
6,1006,서울특별시 강북구 삼양로149길 62,33.69,36.29,33.69,33.69,33.69
7,1007,서울특별시 강북구 삼양로149가길 5,33.57,36.16,33.57,33.57,33.57
8,1008,서울특별시 강북구 삼양로139가길 80,33.71,36.31,33.71,33.71,33.71
9,1009,서울특별시 강북구 삼양로139길 58,35.36,35.65,35.36,35.36,35.36
10,1010,서울특별시 강북구 삼양로139나길 23,35.4,35.69,35.4,35.4,35.4
11,1011,서울특별시 강북구 삼양로139길 27,35.45,35.66,35.45,35.45,35.45
12,1012,서울특별시 강북구 4.19로12길 14,35.47,36.01,35.47,35.47,35.47
13,1013,서울특별시 강북구 4.19로30길 18,36.12,36.66,36.12,36.12,36.12
14,1014,서울특별시 강북구 인수봉로81길 5,35,35.91,35,35,35
15,1015,서울특별시 강북구 인수봉로75길 48,34.92,36.38,34.92,34.92,34.92
16,1016,서울특별시 강북구 4.19로17길 52,32.48,36.7,32.48,32.48,32.48
17,1017,서울특별시 강북구 4.19로23길 33,35.97,36.51,33.21,33.21,35.97
18,1018,서울특별시 강북구 4.19로31길 72,33.63,36.93,33.63,33.63,33.63
19,1019,서울특별시 강북구 삼각산로 13,32.12,32.12,32.12,32.12,32.12
20,1020,서울특별시 강북구 인수봉로79길 75,32.26,32.26,32.26,32.26,32.26
21,1021,서울특별시 강북구 인수봉로 245,32.12,36.42,32.12,32.12,32.12
22,1022,서울특별시 강북구 인수봉로 223,31.46,31.46,31.46,31.46,31.46
23,1023,서울특별시 강북구 인수봉로57길 7,31.17,31.17,31.17,31.17,31.17
24,1024,서울특별시 강북구 인수봉로 185,31.46,31.46,31.46,31.46,31.46
25,1025,서울특별시 강북구 화계사길 46,31,31,31,31,31
26,1026,서울특별시 강북구 인수봉로 314,32.31,32.31,32.31,32.31,32.31
27,1027,서울특별시 강북구 삼양로123가길 39,32.42,36.08,32.42,32.42,32.42
28,1028,서울특별시 강북구 삼양로123길 46,32.3,32.3,32.3,32.3,32.3
29,1029,서울특별시 강북구 삼양로 477,33.06,35.67,33.06,33.06,33.06
30,1030,서울특별시 강북구 삼양로117길 10,32.2,32.89,32.2,32.2,32.2
31,1031,서울특별시 강북구 인수봉로78길 18,32.15,36.09,32.15,32.15,32.15
32,1032,서울특별시 강북구 인수봉로 260,31.86,31.86,31.86,31.86,31.86
33,1033,서울특별시 강북구 삼양로 447,32.16,32.85,32.16,32.16,32.16
34,1034,서울특별시 강북구 삼양로107길 32,31.88,31.88,31.88,31.88,31.88
35,1035,서울특별시 강북구 삼양로107길 51,31.78,31.78,31.78,31.78,31.78
36,1036,서울특별시 강북구 인수봉로68길 46,31.79,31.79,31.79,31.79,31.79
37,1037,서울특별시 강북구 삼양로130길 5,32.56,33.25,32.56,32.56,32.56
38,1038,서울특별시 강북구 삼양로124길 27,32.46,35.06,32.46,32.46,32.46
39,1039,서울특별시 강북구 삼양로124길 14,32.41,33.1,32.41,32.41,32.41
40,1040,서울특별시 강북구 삼양로118길 31,32.37,34.92,32.37,32.37,32.37
41,1041,서울특별시 강북구 삼양로116길 21,32.23,35.31,32.23,32.23,32.23
42,1042,서울특별시 강북구 삼각산로 143,32.19,32.88,32.19,32.19,32.19
43,1043,서울특별시 강북구 노해로19길 6,34.49,34.49,34.49,34.49,34.49
44,1044,서울특별시 강북구 한천로170길 7,35.24,35.24,35.24,35.24,35.24
45,1045,서울특별시 강북구 한천로170길 87,35.98,35.98,35.98,35.98,35.98
46,1046,서울특별시 강북구 한천로170길 38,35.39,35.39,35.39,35.39,35.39
47,1047,서울특별시 강북구 한천로 1146,34.99,34.99,34.99,34.99,34.99
48,1048,서울특별시 강북구 노해로23길 46,33.75,34.82,33.75,33.75,33.75
49,1049,서울특별시 강북구 노해로27길 14,33.63,35.06,35.06,35.06,35.06
50,1050,서울특별시 강북구 노해로35길 39,34.27,41.8,34.27,34.27,34.27
51,1051,서울특별시 강북구 노해로22길 7,33.44,34.52,33.44,33.44,33.44
52,1052,서울특별시 강북구 도봉로97길 70,33.65,34.72,33.65,33.65,33.65
53,1053,서울특별시 강북구 도봉로97길 59,33.68,34.75,33.68,33.68,33.68
54,1054,서울특별시 강북구 한천로140길 17,34.01,34.01,34.01,34.01,34.01
55,1055,서울특별시 강북구 도봉로101길 33,34.74,34.74,34.74,34.74,34.74
56,1056,서울특별시 강북구 한천로134길 10,34.21,34.62,34.21,34.21,34.21
57,1057,서울특별시 강북구 도봉로98길 16,33.14,34.22,33.14,33.14,33.14
58,1058,서울특별시 강북구 한천로124다길 50,33.24,34.31,33.24,34.31,34.31
59,1059,서울특별시 강북구 한천로124나길 34,34.27,34.27,34.27,34.27,34.27
60,1060,서울특별시 강북구 한천로130길 64,34.47,34.47,34.47,34.47,34.47
61,1061,서울특별시 강북구 덕릉로 193,33.75,40.16,33.75,33.75,33.75
62,1062,서울특별시 강북구 도봉로 334,33.54,33.54,33.54,33.54,33.54
63,1063,서울특별시 강북구 도봉로 348,34.02,34.02,34.02,34.02,34.02
64,1064,서울특별시 강북구 오패산로78길 12,33.97,33.97,33.97,33.97,33.97
65,1065,서울특별시 강북구 오패산로 389,33.69,33.69,33.69,33.69,33.69
66,1066,서울특별시 강북구 한천로123길 26,34.05,34.05,34.05,34.05,34.05
67,1067,서울특별시 강북구 한천로 969,34.43,34.43,34.43,34.43,34.43
68,1068,서울특별시 강북구 한천로123길 51,33.76,33.76,33.76,33.76,33.76
69,1069,서울특별시 강북구 덕릉로 119,34.13,34.13,34.13,34.13,34.13
70,1070,서울특별시 강북구 한천로139가길 42,34.18,34.18,34.18,34.18,34.18
71,1071,서울특별시 강북구 한천로139나길 22,34.12,34.12,34.12,34.12,34.12
72,1072,서울특별시 강북구 노해로14길 7,34.05,34.05,34.05,34.05,34.05
73,1073,서울특별시 강북구 도봉로87길 15,33.98,33.98,33.98,33.98,33.98
74,1074,서울특별시 강북구 한천로139길 41,34.02,34.02,34.02,34.02,34.02
75,1075,서울특별시 강북구 삼양로98가길 4,31.7,32.39,31.7,31.7,31.7
76,1076,서울특별시 강북구 노해로13길 30,34.16,34.16,34.16,34.16,34.16
77,1077,서울특별시 강북구 삼각산로36길 3,32.34,35.3,32.34,32.34,32.34
78,1078,서울특별시 강북구 노해로11길 19,34.05,34.05,34.05,34.05,34.05
79,1079,서울특별시 강북구 수유로 53,32.87,33.94,33.94,33.94,33.94
80,1080,서울특별시 강북구 수유로 65,32.76,33.83,33.83,33.83,33.83
81,1081,서울특별시 강북구 수유로 56,31.45,38.02,31.45,31.45,31.45
82,1082,서울특별시 강북구 삼양로 376,31.48,32.17,31.48,31.48,31.48
83,1083,서울특별시 강북구 삼각산로20길 7,31.9,32.65,31.9,31.9,31.9
84,1084,서울특별시 강북구 인수봉로62길 33,31.49,31.49,31.49,31.49,31.49
85,1085,서울특별시 강북구 인수봉로60길 15,31.3,31.3,31.3,31.3,31.3
86,1086,서울특별시 강북구 삼양로93길 14,31.55,32.24,31.55,31.55,31.55
87,1087,서울특별시 강북구 삼양로93길 3,31.54,32.34,31.54,31.54,31.54
88,1088,서울특별시 강북구 인수봉로58길 9,31.28,31.28,31.28,31.28,31.28
89,1089,서울특별시 강북구 인수봉로56길 9,31.17,31.17,31.17,31.17,31.17
90,1090,서울특별시 강북구 삼양로 367,31.35,32.04,31.35,31.35,31.35
91,1091,서울특별시 강북구 삼양로87길 33,31.48,32.17,31.48,31.48,31.48
92,1092,서울특별시 강북구 인수봉로56길 18,31.2,31.2,31.2,31.2,31.2
93,1093,서울특별시 강북구 덕릉로5길 13,31.02,31.02,31.02,31.02,31.02
94,1094,서울특별시 강북구 덕릉로9길 3,34.25,34.25,34.25,34.25,34.25
95,1095,서울특별시 강북구 인수봉로 149,31.18,37.27,31.18,31.18,31.18
96,1096,서울특별시 강북구 인수봉로23가길 28,30.07,30.07,30.07,30.07,30.07
97,1097,서울특별시 강북구 인수봉로42길 7,30.68,30.68,30.68,30.68,30.68
98,1098,서울특별시 강북구 삼양로 333,31.23,31.23,31.23,31.23,31.23
99,1099,서울특별시 강북구 삼양로81길 38,30.86,30.86,30.86,30.86,30.86
100,1100,서울특별시 강북구 인수봉로38길 20,30.63,30.63,30.63,30.63,30.63
101,1101,서울특별시 강북구 삼양로79길 39,30.58,30.58,30.58,30.58,30.58
102,1102,서울특별시 강북구 삼양로77길 28,31.04,31.67,31.04,31.04,31.04
103,1103,서울특별시 강북구 삼양로73길 13,31.11,31.33,31.11,31.11,31.11
104,1104,서울특별시 강북구 삼양로69길 37,30.35,31.38,30.35,30.35,30.35
105,1105,서울특별시 강북구 삼양로77길 66,30.5,30.5,30.5,30.5,30.5
106,1106,서울특별시 강북구 삼양로77가길 75,30.41,30.41,30.41,30.41,30.41
107,1107,서울특별시 강북구 인수봉로20나길 10,30.35,30.35,30.35,30.35,30.35
108,1108,서울특별시 강북구 솔매로7가길 15,30.03,30.03,30.03,30.03,30.03
109,1109,서울특별시 강북구 삼양로63길 13,30.84,31.92,30.84,30.84,30.84
110,1110,서울특별시 강북구 삼양로 247,31.22,31.61,31.22,31.22,31.22
111,1111,서울특별시 강북구 수유로 13,31.6,31.61,31.6,31.6,31.6
112,1112,서울특별시 강북구 삼양로80가길 16,31.6,31.56,31.6,31.6,31.6
113,1113,서울특별시 강북구 덕릉로 66,31.43,31.43,31.43,31.43,31.43
114,1114,서울특별시 강북구 도봉로77길 7,33.77,33.77,33.77,33.77,33.77
115,1115,서울특별시 강북구 삼양로74다길 51,31.58,31.87,31.58,31.58,31.58
116,1116,서울특별시 강북구 삼양로80길 20,31.52,31.52,31.52,31.52,31.52
117,1117,서울특별시 강북구 도봉로69길 20,31.67,34.22,34.22,34.22,34.22
118,1118,서울특별시 강북구 솔매로45길 95,32.36,34.11,34.11,34.11,34.11
119,1119,서울특별시 강북구 솔매로43길 87,33.66,34.23,34.23,34.23,34.23
120,1120,서울특별시 강북구 삼양로 280,31.16,31.16,31.16,31.16,31.16
121,1121,서울특별시 강북구 삼양로58가길 31,31.3,31.3,31.3,31.3,31.3
122,1122,서울특별시 강북구 삼양로 252,30.86,30.86,30.86,30.86,30.86
123,1123,서울특별시 강북구 삼양로58길 29,,,,,
124,1124,서울특별시 강북구 도봉로53가길 16,31.32,31.32,31.32,31.32,31.32
125,1125,서울특별시 강북구 도봉로53길 16,32.66,32.66,32.66,32.66,32.66
126,1126,서울특별시 강북구 솔매로35길 8,31.11,32.9,31.11,31.11,31.11
127,1127,서울특별시 강북구 삼양로 246,30.86,30.86,30.86,30.86,30.86
128,1128,서울특별시 강북구 도봉로 286,33.05,33.05,33.05,33.05,33.05
129,1129,서울특별시 강북구 도봉로76길 35,33.11,33.11,33.11,33.11,33.11
130,1130,서울특별시 강북구 도봉로76길 68,33.6,33.6,33.6,33.6,33.6
131,1131,서울특별시 강북구 도봉로76길 56,33.56,33.56,33.56,33.56,33.56
132,1132,서울특별시 강북구 덕릉로28길 53,32.91,32.91,32.91,32.91,32.91
133,1133,서울특별시 강북구 솔매로 139,32.29,32.29,32.29,32.29,32.29
134,1134,서울특별시 강북구 덕릉로 140,33.68,33.68,33.68,33.68,33.68
135,1135,서울특별시 강북구 덕릉로40나길 31,34.02,34.02,34.02,34.02,34.02
136,1136,서울특별시 강북구 한천로 926,34.28,35.25,34.28,34.28,34.28
137,1137,서울특별시 강북구 한천로 911,34.68,35.65,34.68,34.68,34.68
138,1138,서울특별시 강북구 덕릉로40길 74,34.41,34.41,34.41,34.41,34.41
139,1139,서울특별시 강북구 덕릉로42길 40,34.13,34.13,34.13,34.13,34.13
140,1141,서울특별시 강북구 오패산로 290,32.55,32.55,32.55,32.55,32.55
141,1142,서울특별시 강북구 오패산로52사길 13,32.61,32.61,32.61,32.61,32.61
142,1143,서울특별시 강북구 오현로 199,33.9,34.87,33.9,33.9,33.9
143,1144,서울특별시 강북구 오현로31길 113,34.48,35.45,34.48,34.48,34.48
144,1145,서울특별시 강북구 한천로 897,34.77,35.74,34.77,34.77,34.77
145,1146,서울특별시 강북구 오현로25길 6,32.83,35.15,35.59,35.59,35.59
146,1147,서울특별시 강북구 오현로25다길 54,35.35,32.59,35.35,35.35,35.35
147,1148,서울특별시 강북구 오현로25다길 60,35.33,32.57,35.33,35.33,35.33
148,1149,서울특별시 강북구 오현로21길 46,32.98,32.98,32.98,32.98,32.98
149,1150,서울특별시 강북구 오현로25가길 30,35.76,33,35.76,35.76,35.76
150,1151,서울특별시 강북구 오현로 145,35.36,32.6,35.36,35.36,35.36
151,1152,서울특별시 강북구 오패산로52길 29,34.97,32.21,34.97,34.97,34.97
152,1153,서울특별시 강북구 오패산로52다길 42,34.92,32.16,34.92,34.92,34.92
153,1154,서울특별시 강북구 오패산로48길 12,34.63,31.87,34.63,34.63,34.63
154,1155,서울특별시 강북구 오현로 45,34.48,31.72,34.48,34.48,34.48
155,1156,서울특별시 강북구 오현로9길 49,34.41,31.65,34.41,34.41,34.41
156,1157,서울특별시 강북구 솔매로 152,35.15,32.39,35.15,35.15,35.15
157,1158,서울특별시 강북구 솔매로50길 43,34.95,32.19,34.95,34.95,34.95
158,1159,서울특별시 강북구 도봉로34길 43,34.84,32.08,34.84,34.84,34.84
159,1160,서울특별시 강북구 도봉로34길 5,34.68,31.92,34.68,34.68,34.68
160,1161,서울특별시 강북구 도봉로 134,34.42,31.66,34.42,34.42,34.42
161,1162,서울특별시 강북구 오패산로 229,34.74,31.98,34.74,34.74,34.74
162,1163,서울특별시 강북구 도봉로28나길 22,34.37,31.61,34.37,34.37,34.37
163,1164,서울특별시 강북구 도봉로24길 24,34.26,31.5,34.26,34.26,34.26
164,1165,서울특별시 강북구 도봉로18길 21,34.02,31.27,34.02,34.02,34.02
165,1166,서울특별시 강북구 오패산로 173,34.14,31.38,34.14,34.14,34.14
166,1167,서울특별시 강북구 삼양로54길 68,35.12,31.09,35.12,35.12,35.12
167,1168,서울특별시 강북구 도봉로45길 84,35.14,32.38,35.14,35.14,35.14
168,1169,서울특별시 강북구 솔매로44길 18,35.49,32.73,35.49,35.49,35.49
169,1170,서울특별시 강북구 솔매로 112,35.27,31.34,35.27,35.27,35.27
170,1171,서울특별시 강북구 솔샘로67길 132,34.7,31.94,34.7,34.7,34.7
171,1172,서울특별시 강북구 도봉로37길 58,30.64,30.64,30.64,30.64,30.64
172,1173,서울특별시 강북구 도봉로41길 90,30.72,30.72,35.13,35.13,35.13
173,1174,서울특별시 강북구 삼양로38길 8,32.99,30.35,32.99,32.99,32.99
174,1175,서울특별시 강북구 도봉로 147,34.67,31.91,34.67,34.67,34.67
175,1176,서울특별시 강북구 도봉로31길 13,34.47,32.5,34.47,34.47,34.47
176,1177,서울특별시 강북구 도봉로23길 24,34.25,31.49,34.25,34.25,34.25
177,1178,서울특별시 강북구 솔샘로53길 4,34.55,31.79,34.55,34.55,34.55
178,1179,서울특별시 강북구 도봉로 113,34.62,31.86,34.62,34.62,34.62
179,1180,서울특별시 강북구 인수봉로 54,32.48,29.72,32.48,32.48,32.48
180,1181,서울특별시 강북구 삼양로51길 38,30.86,32.9,30.86,30.86,30.86
181,1182,서울특별시 강북구 솔매로22가길 27,32.83,32.83,32.83,32.83,32.83
182,1183,서울특별시 강북구 인수봉로 36,32.3,29.54,32.3,32.3,32.3
183,1184,서울특별시 강북구 삼양로43길 25,32.94,30.18,32.94,32.94,32.94
184,1185,서울특별시 강북구 인수봉로6길 42,32.39,29.63,32.39,32.39,32.39
185,1186,서울특별시 강북구 인수봉로 18,32.26,29.5,32.26,32.26,32.26
186,1187,서울특별시 강북구 인수봉로 10,32.04,29.28,32.04,32.04,32.04
187,1188,서울특별시 강북구 솔샘로47길 9,32.58,29.82,32.58,32.58,32.58
188,1189,서울특별시 강북구 삼양로41길 29,32.78,30.02,32.78,32.78,32.78
189,1190,서울특별시 강북구 인수봉로19길 21,32.78,30.02,32.78,32.78,32.78
190,1191,서울특별시 강북구 솔샘로 167,33.53,30.97,33.53,33.53,33.53
191,1192,서울특별시 강북구 솔샘로 174,32.19,29.43,32.19,32.19,32.19
192,1193,서울특별시 강북구 솔샘로 208,32.33,29.57,32.33,32.33,32.33
193,1194,서울특별시 강북구 삼양로27길 20,32.9,30.14,32.9,32.9,32.9
194,1195,서울특별시 강북구 삼양로 163,32.92,30.16,32.92,32.92,32.92
195,1196,서울특별시 강북구 삼양로27길 35,32.78,30.02,32.78,32.78,32.78
196,1197,서울특별시 강북구 삼양로19길 154,32.59,29.83,32.59,32.59,32.59
197,1198,서울특별시 강북구 삼양로19길 59,33.07,30.31,33.07,33.07,33.07
198,1199,서울특별시 강북구 삼양로19길 40,32.55,29.79,32.55,32.55,32.55
199,1200,서울특별시 강북구 삼양로19길 25,32.88,30.12,32.88,32.88,32.88
200,1201,서울특별시 강북구 솔샘로 258,32.79,30.14,32.79,32.79,32.79
201,1202,서울특별시 강북구 솔샘로60길 18,34.39,31.64,34.39,34.39,34.39
202,1203,서울특별시 강북구 솔샘로60길 21,30,31.64,34.4,34.4,34.4
203,1204,서울특별시 강북구 솔샘로64가길 20,34.2,31.45,34.2,34.2,34.2
204,1205,서울특별시 강북구 도봉로 85,33.99,31.23,33.99,33.99,33.99
205,1206,서울특별시 강북구 도봉로13길 13,34.59,31.83,31.83,31.83,31.83
206,1207,서울특별시 강북구 솔샘로64다길 42,34.43,31.91,34.43,34.43,34.43
207,1208,서울특별시 강북구 삼양로24길 4,32.51,29.75,32.51,32.51,32.51
208,1209,서울특별시 강북구 삼양로20가길 6,32.42,29.66,32.42,32.42,32.42
209,1210,서울특별시 강북구 숭인로7나길 23,32.57,29.81,32.57,32.57,32.57
210,1211,서울특별시 강북구 도봉로 45,34.73,31.97,31.97,31.97,31.97
211,1212,서울특별시 강북구 숭인로7길 28,32.35,29.6,32.35,32.35,32.35
212,1213,서울특별시 강북구 숭인로 39,32.4,29.64,32.4,32.4,32.4
213,1214,서울특별시 강북구 삼양로 94,32.05,29.29,32.05,32.05,32.05
214,1215,서울특별시 강북구 도봉로10길 73,33.8,31.14,33.8,33.8,33.8
215,1216,서울특별시 강북구 오현로6길 32,34.17,34.17,34.17,34.17,34.17
216,1217,서울특별시 강북구 오패산로 155,34.19,31.43,34.19,34.19,34.19
217,1218,서울특별시 강북구 오현로6길 41,33.95,31.19,33.95,33.95,33.95
218,1219,서울특별시 강북구 오현로6길 50,31.23,31.23,31.23,31.23,31.23
219,1220,서울특별시 강북구 도봉로 38,33.49,30.73,33.49,33.49,33.49
220,1221,서울특별시 강북구 월계로 11,33.56,30.8,33.56,33.56,33.56
221,1222,서울특별시 강북구 월계로7길 39,33.82,31.06,33.82,33.82,33.82
222,1223,서울특별시 강북구 오현로 176,35.56,32.8,35.56,35.56,35.56
223,1224,서울특별시 강북구 오현로32길 30,36.45,34.66,36.45,36.45,36.45
224,1225,서울특별시 강북구 한천로109길 10,36.16,34.38,36.16,36.16,36.16
225,1226,서울특별시 강북구 한천로 833,35.76,33,35.76,35.76,35.76
226,1227,서울특별시 강북구 한천로109길 57,36.52,34.73,33.28,33.28,34.73
227,1228,서울특별시 강북구 월계로 173,32.38,32.38,32.38,32.38,32.38
228,1229,서울특별시 강북구 한천로105길 24,32.92,34.19,32.92,32.92,32.92
229,1230,서울특별시 강북구 한천로105길 27,32.78,32.78,32.78,32.78,32.78
230,1231,서울특별시 강북구 월계로 191,32.45,32.45,32.45,32.45,32.45
231,1232,서울특별시 강북구 오현로 56,31.78,31.78,31.78,,31.78
232,1233,서울특별시 강북구 오패산로38길 10,33.23,33.23,33.23,33.23,33.23
233,1234,서울특별시 강북구 오패산로30길 74,33.57,39.68,33.57,33.57,33.57
234,1236,서울특별시 강북구 월계로21나길 22,33.28,33.28,33.28,33.28,33.28
235,1237,서울특별시 강북구 월계로 59,33.25,33.25,33.25,33.25,33.25
236,1300,서울특별시 도봉구 도봉산길 88,59.3,59.3,59.3,46.84,59.3
237,1301,서울특별시 도봉구 도봉로191가길 8,60.19,60.19,60.19,46.85,60.19
238,1302,서울특별시 도봉구 도봉산3길 12,58.67,58.67,58.67,46.21,58.67
239,1303,서울특별시 도봉구 도봉산1길 62,58.75,58.75,58.75,45.75,58.75
240,1304,서울특별시 도봉구 도봉로179길 13,58.23,58.23,58.23,45.81,58.23
241,1305,서울특별시 도봉구 도봉로173길 23,58.65,58.65,58.65,45.66,58.65
242,1306,서울특별시 도봉구 도봉로169나길 22,58.57,58.57,58.57,45.58,58.57
243,1307,서울특별시 도봉구 도봉로169다길 20,58.78,58.78,58.78,45.79,58.78
244,1308,서울특별시 도봉구 시루봉로23다길 27,58.95,58.95,58.95,45.95,58.95
245,1309,서울특별시 도봉구 도봉로 769,59.16,59.16,59.16,46.16,59.16
246,1310,서울특별시 도봉구 도봉로155길 45,59.4,59.4,59.4,44.84,59.4
247,1311,서울특별시 도봉구 시루봉로 239,60.08,60.08,60.08,45.12,60.08
248,1312,서울특별시 도봉구 시루봉로23가길 17,59.87,59.87,59.87,44.91,59.87
249,1313,서울특별시 도봉구 도봉로173다길 30,59.22,59.22,59.22,46.22,59.22
250,1314,서울특별시 도봉구 시루봉로15길 36,60.57,61.5,60.57,44.81,60.57
251,1315,서울특별시 도봉구 시루봉로13길 55,60.8,60.8,60.8,45.77,60.8
252,1316,서울특별시 도봉구 시루봉로 149,60.96,61.89,60.96,45.2,60.96
253,1317,서울특별시 도봉구 방학로 252,61.95,61.95,61.95,38.82,61.95
254,1318,서울특별시 도봉구 도봉로 946,58.64,58.64,58.64,46.18,58.64
255,1319,서울특별시 도봉구 도봉로180나길 48,57.63,57.63,57.63,45.58,57.63
256,1320,서울특별시 도봉구 마들로 797,58.4,58.4,58.4,45.4,58.4
257,1321,서울특별시 도봉구 도봉로152가길 224,58.62,58.62,58.62,45.63,58.62
258,1322,서울특별시 도봉구 도봉로152가길 175,58.5,58.5,58.5,45.51,58.5
259,1323,서울특별시 도봉구 마들로 742,59.46,59.46,59.46,44.77,59.46
260,1324,서울특별시 도봉구 마들로 684,58.84,60.83,58.84,44.14,58.84
261,1325,서울특별시 도봉구 마들로 724,59.45,61.44,59.45,44.76,59.45
262,1326,서울특별시 도봉구 도봉로152가길 138,58.68,58.68,58.68,44.95,58.68
263,1327,서울특별시 도봉구 도봉로160길 10,58.67,58.67,58.67,44.77,58.67
264,1328,서울특별시 도봉구 마들로 693,58.74,58.74,58.74,44.34,58.74
265,1329,서울특별시 도봉구 도봉로152길 15,59.17,60.88,59.17,44.2,59.17
266,1330,서울특별시 도봉구 마들로 668,60.8,60.8,60.8,44.12,60.8
267,1331,서울특별시 도봉구 마들로 650,60.55,60.55,60.55,43.87,60.55
268,1332,서울특별시 도봉구 도봉로150다길 22,59.65,60.48,60.48,43.8,60.48
269,1333,서울특별시 도봉구 도봉로 710,59.88,60.76,60.76,44.07,60.76
270,1334,서울특별시 도봉구 방학로 76,59.88,60.65,60.65,44.28,60.65
271,1335,서울특별시 도봉구 도봉로150바길 57,60.03,60.03,60.03,43.35,60.03
272,1336,서울특별시 도봉구 마들로 646,60.52,60.52,60.52,43.74,60.52
273,1337,서울특별시 도봉구 마들로 616,60.42,60.42,60.42,43.56,60.42
274,1338,서울특별시 도봉구 방학로 32,60.17,60.17,60.17,43.11,60.17
275,1339,서울특별시 도봉구 도당로 110,61.25,61.25,61.25,44.56,61.25
276,1340,서울특별시 도봉구 도봉로149길 29,59.99,59.99,59.99,44.19,59.99
277,1341,서울특별시 도봉구 도봉로145길 40,60.62,60.62,60.62,43.94,60.62
278,1342,서울특별시 도봉구 방학로6가길 10,60.91,60.91,60.91,44.23,60.91
279,1343,서울특별시 도봉구 방학로 148,60.84,60.84,60.84,44.16,60.84
280,1344,서울특별시 도봉구 방학로 130,60.67,60.67,60.67,45.17,60.67
281,1345,서울특별시 도봉구 방학로 106,60.4,60.4,60.4,44.9,60.4
282,1346,서울특별시 도봉구 도봉로145가길 25,60.49,60.49,60.49,44.99,60.49
283,1347,서울특별시 도봉구 시루봉로 238,60.06,60.06,60.06,46.29,60.06
284,1348,서울특별시 도봉구 시루봉로 268,61.49,61.91,61.49,46.42,61.49
285,1349,서울특별시 도봉구 도봉로 733,59.5,59.5,59.5,45.73,59.5
286,1350,서울특별시 도봉구 도당로31길 55,59.57,59.57,59.57,45.8,59.57
287,1351,서울특별시 도봉구 도당로29길 9,59.98,60.86,59.98,45.37,59.98
288,1352,서울특별시 도봉구 도당로 117,60.12,61,60.12,45.51,60.12
289,1353,서울특별시 도봉구 도봉로151길 113,60.24,60.24,60.24,44.79,60.24
290,1354,서울특별시 도봉구 도당로13라길 28,60.38,61.49,60.38,44.8,60.38
291,1355,서울특별시 도봉구 도당로13나길 6,60.68,61.11,60.68,44.42,60.68
292,1356,서울특별시 도봉구 도당로9길 12,60.82,61.25,60.82,44.7,60.82
293,1357,서울특별시 도봉구 도당로13다길 15,60.58,61.26,60.58,44.57,60.58
294,1358,서울특별시 도봉구 시루봉로 192,60.53,61.46,60.53,45.48,60.53
295,1359,서울특별시 도봉구 시루봉로 130,61.58,61.61,61.58,45.09,61.58
296,1360,서울특별시 도봉구 해등로32가길 40,62.31,62.34,62.31,45.36,62.31
297,1361,서울특별시 도봉구 해등로32길 76,62.06,62.09,62.06,38.12,62.06
298,1362,서울특별시 도봉구 방학로 243,61.75,61.78,61.75,38.82,61.75
299,1363,서울특별시 도봉구 해등로 268,62.22,62.22,62.22,44.65,62.22
300,1364,서울특별시 도봉구 해등로 312,62.66,62.66,62.66,45.1,62.66
301,1365,서울특별시 도봉구 해등로36길 29,37.22,45.2,37.22,37.22,37.22
302,1366,서울특별시 도봉구 삼양로 574,36.57,36.4,36.57,36.57,36.57
303,1367,서울특별시 도봉구 우이천로 483,37.23,37.06,37.23,37.23,37.23
304,1368,서울특별시 도봉구 삼양로142길 14,36.15,35.99,36.15,36.15,36.15
305,1369,서울특별시 도봉구 삼양로144나길 39,36.57,36.41,36.57,36.57,36.57
306,1370,서울특별시 도봉구 우이천로39가길 19,38.99,36.25,38.99,38.99,38.99
307,1371,서울특별시 도봉구 우이천로50길 3,37.16,37,38.42,38.42,38.42
308,1372,서울특별시 도봉구 우이천로42길 39,40.5,36.57,40.5,40.5,40.5
309,1373,서울특별시 도봉구 해등로 295,62.46,62.46,62.46,37.27,62.46
310,1374,서울특별시 도봉구 시루봉로 67,62.25,62.25,62.25,40.39,62.25
311,1375,서울특별시 도봉구 시루봉로 63,40.33,41.96,40.33,40.33,40.33
312,1376,서울특별시 도봉구 시루봉로1길 125,40.25,36.32,40.25,40.25,40.25
313,1377,서울특별시 도봉구 우이천로38다길 40,40.14,36.2,40.14,40.14,40.14
314,1378,서울특별시 도봉구 우이천로38길 46,39.89,35.96,39.89,39.89,39.89
315,1379,서울특별시 도봉구 노해로41길 32,39.63,35.7,39.63,38.44,39.63
316,1380,서울특별시 도봉구 노해로41길 18,36.66,35.65,38.39,38.39,38.39
317,1381,서울특별시 도봉구 우이천로 346,39.28,35.35,38.09,38.09,38.09
318,1382,서울특별시 도봉구 시루봉로 106,62.38,62.38,62.38,44.82,62.38
319,1383,서울특별시 도봉구 방학로11길 24,61.34,61.37,61.37,44.86,61.37
320,1384,서울특별시 도봉구 도당로7길 30,61.1,61.14,61.14,45.67,61.14
321,1385,서울특별시 도봉구 도당로 7,61.34,61.37,61.37,45.33,61.37
322,1386,서울특별시 도봉구 해등로 206,62.12,62.12,62.12,45.74,62.12
323,1387,서울특별시 도봉구 시루봉로6길 33,61.6,61.6,61.6,44.92,61.6
324,1388,서울특별시 도봉구 시루봉로 88,61.61,62.24,62.24,44.67,62.24
325,1389,서울특별시 도봉구 방학로7길 5,61.07,61.07,61.07,44.56,61.07
326,1390,서울특별시 도봉구 도봉로143길 58,60.9,60.9,60.9,44.21,60.9
327,1391,서울특별시 도봉구 도봉로137길 47,60.61,60.61,60.61,43.92,60.61
328,1392,서울특별시 도봉구 도봉로135길 28,60.91,60.91,60.91,43.9,60.91
329,1393,서울특별시 도봉구 도당로2길 33,61.2,61.63,61.2,44.06,61.2
330,1394,서울특별시 도봉구 도봉로133길 31,61.28,61.28,61.28,43.71,61.28
331,1395,서울특별시 도봉구 도봉로133길 8,61.05,61.05,61.05,43.77,61.05
332,1396,서울특별시 도봉구 노해로63가길 229,59.99,60.76,59.99,44.26,59.99
333,1397,서울특별시 도봉구 도봉로136다길 4,60.54,61.31,60.54,44.37,60.54
334,1398,서울특별시 도봉구 도봉로136길 28,60.69,60.69,60.69,43.63,60.69
335,1399,서울특별시 도봉구 노해로63다길 25,60.96,61.67,60.96,43.27,60.96
336,1400,서울특별시 도봉구 도봉로136가길 73,61.06,61.06,61.06,43.69,61.06
337,1401,서울특별시 도봉구 도봉로134길 16,60.94,60.94,60.94,43.74,60.94
338,1402,서울특별시 도봉구 해등로14길 19,44.25,47.02,43.36,43.36,44.25
339,1403,서울특별시 도봉구 해등로16다길 5,61.31,61.31,61.31,43.32,61.31
340,1404,서울특별시 도봉구 해등로12길 44,44.31,46.58,43.42,43.42,44.31
341,1405,서울특별시 도봉구 노해로65길 21,43.97,46.75,43.08,43.08,43.97
342,1406,서울특별시 도봉구 방학로 57,60.13,60.13,60.13,43.71,60.13
343,1407,서울특별시 도봉구 방학로 35,60.02,60.02,60.02,43.34,60.02
344,1408,서울특별시 도봉구 마들로16길 56,60.54,60.54,60.54,42.98,60.54
345,1409,서울특별시 도봉구 마들로 579,60.18,60.18,60.18,43.5,60.18
346,1410,서울특별시 도봉구 마들로 567,60.44,60.44,60.44,43.04,60.44
347,1411,서울특별시 도봉구 노해로69길 151,60.41,60.41,60.41,42.85,60.41
348,1412,서울특별시 도봉구 노해로69길 150,60.42,60.42,60.42,43.03,60.42
349,1413,서울특별시 도봉구 마들로11길 20,60.88,60.88,60.88,42.44,60.88
350,1414,서울특별시 도봉구 마들로11길 71,43.16,45.94,42.27,42.27,43.16
351,1415,서울특별시 도봉구 노해로69길 14,42.98,45.76,42.09,42.09,42.98
352,1416,서울특별시 도봉구 노해로 386,61.17,61.17,42.42,42.42,61.17
353,1417,서울특별시 도봉구 노해로70길 54,42.6,46.1,41.71,41.71,42.6
354,1418,서울특별시 도봉구 노해로70길 19,40.99,45.47,40.99,40.99,40.99
355,1419,서울특별시 도봉구 덕릉로 397,40.35,45.58,40.35,40.35,40.35
356,1420,서울특별시 도봉구 노해로70길 96,42.07,47.34,42.07,42.07,42.07
357,1421,서울특별시 도봉구 해등로 46,41.58,46.06,41.58,41.58,41.58
358,1422,서울특별시 도봉구 노해로66길 21,42.31,46.78,42.31,42.31,42.31
359,1423,서울특별시 도봉구 노해로66길 95,41.62,46.1,41.62,41.62,41.62
360,1424,서울특별시 도봉구 덕릉로 357,40.83,46.06,40.83,40.83,40.83
361,1425,서울특별시 도봉구 해등로 24,41.57,46.04,41.57,41.57,41.57
362,1426,서울특별시 도봉구 도봉로 580,61.07,61.07,61.07,43.16,61.07
363,1427,서울특별시 도봉구 도봉로 552,42.84,42.84,42.84,42.84,42.84
364,1428,서울특별시 도봉구 도봉로 526,42.58,42.58,42.58,42.58,42.58
365,1429,서울특별시 도봉구 시루봉로 64,63.04,63.04,38.31,38.31,63.04
366,1430,서울특별시 도봉구 해등로 229,61.79,61.79,61.79,43.45,61.79
367,1431,서울특별시 도봉구 도봉로131길 90,61.79,61.79,61.79,43.45,61.79
368,1432,서울특별시 도봉구 도봉로125길 74,61.37,61.37,61.37,42.96,61.37
369,1433,서울특별시 도봉구 해등로25길 41,61.87,61.87,61.87,43.53,61.87
370,1434,서울특별시 도봉구 시루봉로 62,63.03,63.03,38.3,38.3,63.03
371,1435,서울특별시 도봉구 시루봉로 42,62.42,62.42,62.42,38.08,62.42
372,1436,서울특별시 도봉구 도봉로129길 45,61.52,61.52,61.42,43.96,61.52
373,1437,서울특별시 도봉구 노해로57길 64,61.8,61.8,61.8,37.97,61.8
374,1438,서울특별시 도봉구 노해로49길 69,62.31,62.31,62.31,44.07,62.31
375,1439,서울특별시 도봉구 노해로53길 15,62.16,62.16,62.16,43.93,62.16
376,1440,서울특별시 도봉구 도봉로121길 39,61.81,61.81,61.81,44.34,61.81
377,1441,서울특별시 도봉구 노해로46길 27,38.55,35.81,38.55,38.55,38.55
378,1442,서울특별시 도봉구 노해로60길 23,62.03,62.03,62.03,43.8,62.03
379,1443,서울특별시 도봉구 도봉로115길 31,62.23,62.23,62.23,43.99,62.23
380,1444,서울특별시 도봉구 도봉로117길 87,38.61,35.87,38.61,38.61,38.61
381,1445,서울특별시 도봉구 노해로42길 59,38.53,35.79,38.53,38.53,38.53
382,1446,서울특별시 도봉구 노해로42길 30,38.39,35.65,38.39,38.39,38.39
383,1447,서울특별시 도봉구 노해로60가길 6,36.98,38.05,38.05,38.05,38.05
384,1448,서울특별시 도봉구 우이천로24길 70,36.81,42.91,37.88,37.88,37.88
385,1449,서울특별시 도봉구 도봉로109길 35,36.87,35.28,37.94,37.94,37.94
386,1450,서울특별시 도봉구 우이천로 336,38.12,35.24,38.12,38.12,38.12
387,1451,서울특별시 도봉구 우이천로 323,38.25,35.18,38.25,38.25,38.25
388,1452,서울특별시 도봉구 우이천로 284,36.45,42.55,37.52,37.52,37.52
389,1453,서울특별시 도봉구 도봉로110나길 90,43.49,46.65,43.49,43.49,43.49
390,1454,서울특별시 도봉구 도봉로 474,38.03,43.06,38.03,38.03,38.03
391,1455,서울특별시 도봉구 도봉로 470,37.99,43.02,37.99,37.99,37.99
392,1456,서울특별시 도봉구 도봉로114길 69,43.04,46.67,43.04,43.04,43.04
393,1457,서울특별시 도봉구 도봉로104길 121,43.06,47.37,43.06,43.06,43.06
394,1458,서울특별시 도봉구 도봉로104길 101,43.01,47.4,43.01,43.01,43.01
395,1459,서울특별시 도봉구 도봉로106길 33,37.9,37.9,37.9,37.9,37.9
396,1460,서울특별시 도봉구 도봉로110라길 42,38.04,38.04,38.04,38.04,38.04
397,1461,서울특별시 도봉구 도봉로110다길 70,37.6,42.64,37.6,37.6,37.6
398,1462,서울특별시 도봉구 우이천로20길 7,36.75,43.78,36.75,37.82,37.82
399,1463,서울특별시 도봉구 도봉로104길 124,42.9,46.53,42.9,42.9,42.9
400,1464,서울특별시 도봉구 덕릉로59라길 66,42.76,46.4,42.76,42.76,42.76
401,1465,서울특별시 도봉구 덕릉로63가길 61,42.98,47.38,42.98,42.98,42.98
402,1466,서울특별시 도봉구 덕릉로59차길 37,43.32,46.5,43.32,43.32,43.32
403,1467,서울특별시 도봉구 우이천로 232,38.58,46.37,37.5,38.58,38.58
404,1468,서울특별시 도봉구 덕릉로53길 40,37.15,46.33,37.15,37.15,37.15
405,1469,서울특별시 도봉구 덕릉로59라길 6,42.72,46.35,42.72,42.72,42.72
406,1470,서울특별시 도봉구 덕릉로 239,42.77,46.4,42.77,42.77,42.77
407,1471,서울특별시 도봉구 덕릉로53길 10,42.98,46.16,42.98,42.98,42.98
408,1472,서울특별시 도봉구 우이천로16길 6,38.18,42.19,38.18,38.18,38.18
409,1473,서울특별시 도봉구 덕릉로54길 17,37.02,46.2,37.02,37.02,37.02
410,1474,서울특별시 도봉구 덕릉로60길 7,42.64,46.28,42.64,42.64,42.64
411,1475,서울특별시 도봉구 덕릉로60아길 13,38.04,45.83,38.04,38.04,38.04
412,1476,서울특별시 도봉구 우이천로12길 45,36.78,45.73,36.78,36.78,36.78
413,1477,서울특별시 도봉구 우이천로12길 5,37.51,41.73,37.51,37.51,37.51
414,1478,서울특별시 도봉구 우이천로8길 26,37.61,35.7,37.61,37.61,37.61
415,1479,서울특별시 도봉구 덕릉로60길 120,37.59,41.8,37.59,37.59,37.59
416,1480,서울특별시 도봉구 덕릉로60타길 5,37.64,41.86,37.64,37.64,37.64
417,1481,서울특별시 도봉구 우이천로4라길 23,37.04,41.26,37.04,37.04,37.04
418,1482,서울특별시 도봉구 우이천로4길 24,37.32,41.53,37.32,37.32,37.32
419,1483,서울특별시 도봉구 노해로62길 103,42.88,47.28,42.88,42.88,42.88
420,1484,서울특별시 도봉구 해등로 81,42.8,47.45,42.8,42.8,42.8
421,1485,서울특별시 도봉구 덕릉로 315,43.01,48.21,43.01,43.01,43.01
422,1486,서울특별시 도봉구 덕릉로 283,42.32,46.72,42.32,42.32,42.32
423,1487,서울특별시 도봉구 덕릉로62길 25,42.6,46.23,42.6,42.6,42.6
424,1488,서울특별시 도봉구 덕릉로 376,40.79,45.68,41.2,41.2,41.2
425,1489,서울특별시 도봉구 덕릉로66길 84,40.4,44.78,40.82,40.82,40.82
426,1600,서울특별시 노원구 누원로 28,57.31,57.31,57.31,45.49,57.31
427,1601,서울특별시 노원구 누원로 16,57.08,57.08,57.08,45.26,57.08
428,1602,서울특별시 노원구 동일로 1745,56.77,56.77,56.77,44.94,56.77
429,1603,서울특별시 노원구 동일로245길 162,57.08,57.08,57.08,45.26,57.08
430,1604,서울특별시 노원구 동일로245길 56,57.42,57.42,57.42,45.59,57.42
431,1605,서울특별시 노원구 동일로243길 41,57.89,57.89,57.89,43.92,57.89
432,1606,서울특별시 노원구 동일로239나길 38,57.99,57.99,57.99,43.89,57.99
433,1607,서울특별시 노원구 동일로 1675,57.9,57.9,57.9,44.06,57.9
434,1608,서울특별시 노원구 동일로239길 22,57.81,57.81,57.81,44.42,57.81
435,1609,서울특별시 노원구 동일로241가길 43,57.87,57.87,57.87,44.36,57.87
436,1610,서울특별시 노원구 동일로237길 68,58.19,58.19,58.19,44.16,58.19
437,1611,서울특별시 노원구 동일로237길 40,58.02,58.02,58.02,45.43,58.02
438,1612,서울특별시 노원구 동일로237가길 10,57.96,57.96,57.96,45.37,57.96
439,1613,서울특별시 노원구 동일로237길 37,58.07,58.07,58.07,45.48,58.07
440,1614,서울특별시 노원구 동일로237길 63,58.15,58.15,58.15,44.18,58.15
441,1615,서울특별시 노원구 수락산로 246,58.75,58.75,58.75,43.92,58.75
442,1616,서울특별시 노원구 수락산로 214,58.35,58.35,58.35,43.79,58.35
443,1617,서울특별시 노원구 동일로227길 26,58.84,58.84,58.84,43.78,58.84
444,1618,서울특별시 노원구 동일로227길 106,59.42,59.42,59.42,43.55,59.42
445,1619,서울특별시 노원구 동일로227길 79,59.08,59.08,59.08,43.41,59.08
446,1620,서울특별시 노원구 동일로 1541,58.81,58.81,58.81,43.16,58.81
447,1621,서울특별시 노원구 동일로 1794,57.58,57.58,57.58,46.55,57.58
448,1622,서울특별시 노원구 동일로250길 44,57.42,57.42,57.42,45.59,57.42
449,1623,서울특별시 노원구 동일로 1716,57.18,57.18,57.18,45.36,57.18
450,1624,서울특별시 노원구 동일로 1690,57.45,57.45,57.45,44.26,57.45
451,1625,서울특별시 노원구 동일로 1680,57.87,57.87,57.87,44.48,57.87
452,1626,서울특별시 노원구 동일로242나길 28,57.8,57.8,57.8,44.41,57.8
453,1627,서울특별시 노원구 동일로230길 78,58.41,58.41,58.41,43.31,58.41
454,1628,서울특별시 노원구 동일로230다길 70,57.93,57.93,57.93,44.54,57.93
455,1629,서울특별시 노원구 동일로238길 26,57.95,57.95,57.95,43.38,57.95
456,1630,서울특별시 노원구 동일로234길 8,58.49,58.49,58.49,43.13,58.49
457,1631,서울특별시 노원구 동일로 1598,58.31,58.31,58.31,42.95,58.31
458,1632,서울특별시 노원구 상계로37나길 15,61.57,61.57,61.57,43.59,61.57
459,1633,서울특별시 노원구 덕릉로139길 16,61.85,68.84,61.85,43.87,61.85
460,1634,서울특별시 노원구 상계로 307,61.41,61.41,61.41,44.23,61.41
461,1635,서울특별시 노원구 상계로33길 14,61.14,61.14,61.14,44.1,61.14
462,1636,서울특별시 노원구 상계로33길 53,61.34,61.34,61.34,44.31,61.34
463,1637,서울특별시 노원구 상계로 320,61.34,61.34,61.34,44.06,61.34
464,1638,서울특별시 노원구 덕릉로 799,61.06,61.06,61.06,43.83,61.06
465,1639,서울특별시 노원구 수락산로 12,60.16,60.16,60.16,43.43,60.16
466,1640,서울특별시 노원구 덕릉로 769,61.88,61.88,61.88,44.26,61.88
467,1641,서울특별시 노원구 덕릉로134가길 24,61.8,68.97,61.8,44.62,61.8
468,1642,서울특별시 노원구 덕릉로126아길 18,61.84,61.84,61.84,44.66,61.84
469,1643,서울특별시 노원구 덕릉로126다길 10,61.52,61.52,61.52,44.39,61.52
470,1644,서울특별시 노원구 덕릉로112길 97,61.24,61.24,61.24,44.11,61.24
471,1645,서울특별시 노원구 덕릉로112길 100,61.24,61.24,61.24,44.11,61.24
472,1646,서울특별시 노원구 덕릉로 792,60.92,60.92,60.92,43.78,60.92
473,1647,서울특별시 노원구 덕릉로112길 13,60.88,60.88,60.88,43.74,60.88
474,1648,서울특별시 노원구 덕릉로 744,60.52,62.06,60.52,43.3,60.52
475,1649,서울특별시 노원구 덕릉로94가길 41,60.79,60.79,60.79,43.56,60.79
476,1650,서울특별시 노원구 덕릉로94가길 20,60.8,62.34,60.8,43.58,60.8
477,1651,서울특별시 노원구 한글비석로52길 66,59.42,59.42,59.42,44.39,59.42
478,1652,서울특별시 노원구 한글비석로46나길 10,59.67,59.67,59.67,41.88,59.67
479,1653,서울특별시 노원구 한글비석로46나길 3,59.62,59.62,59.62,41.83,59.62
480,1654,서울특별시 노원구 한글비석로52길 54,59.43,59.43,59.43,41.64,59.43
481,1655,서울특별시 노원구 한글비석로50길 24,59.58,59.58,59.58,40.72,59.58
482,1656,서울특별시 노원구 한글비석로48길 12,59.79,59.79,59.79,43.41,59.79
483,1657,서울특별시 노원구 한글비석로24라길 84,59.8,59.8,59.8,44.77,59.8
484,1658,서울특별시 노원구 한글비석로24마길 98,59.93,59.93,59.93,43.74,59.93
485,1659,서울특별시 노원구 한글비석로44길 64,59.97,59.97,59.97,43.78,59.97
486,1660,서울특별시 노원구 수락산로 13,60.1,60.1,60.1,42.32,60.1
487,1661,서울특별시 노원구 상계로 193,60.61,61.96,60.61,43.57,60.61
488,1662,서울특별시 노원구 덕릉로83길 14,60.77,60.77,42.91,42.91,60.77
489,1663,서울특별시 노원구 한글비석로22길 3,61.78,61.78,42.91,42.91,61.78
490,1664,서울특별시 노원구 한글비석로24다길 10,60.46,60.46,60.46,43.59,60.46
491,1665,서울특별시 노원구 한글비석로24라길 35,60.13,60.13,60.13,43.69,60.13
492,1666,서울특별시 노원구 한글비석로 444,61.02,61.97,61.02,43.46,61.02
493,1667,서울특별시 노원구 한글비석로24나길 42,60.02,60.02,60.02,43.59,60.02
494,1668,서울특별시 노원구 한글비석로24가길 5,60.58,60.58,60.58,43.71,60.58
495,1669,서울특별시 노원구 동일로228길 29,58.74,58.74,58.74,40.74,58.74
496,1670,서울특별시 노원구 수락산로 86,59.37,59.37,59.37,41.58,59.37
497,1671,서울특별시 노원구 한글비석로 470,59.63,59.63,59.63,41.85,59.63
498,1672,서울특별시 노원구 동일로228길 66,58.91,58.91,58.91,40.92,58.91
499,1673,서울특별시 노원구 한글비석로 530,59.17,59.17,59.17,40.54,59.17
500,1674,서울특별시 노원구 동일로 1538,58.76,58.76,58.76,40.76,58.76
501,1675,서울특별시 노원구 노원로 586,60.15,60.15,60.15,43.49,60.15
502,1676,서울특별시 노원구 노원로 532,59.12,59.12,59.12,40.49,59.12
503,1677,서울특별시 노원구 노원로38길 34,60.51,60.51,60.51,40.42,60.51
504,1678,서울특별시 노원구 한글비석로 471,59.66,59.66,59.66,41.03,59.66
505,1679,서울특별시 노원구 한글비석로47길 78,60.89,60.89,60.89,43.14,60.89
506,1680,서울특별시 노원구 한글비석로41가길 24,59.97,59.97,59.97,43.44,59.97
507,1681,서울특별시 노원구 한글비석로37길 11,60.13,60.13,60.13,43.64,60.13
508,1682,서울특별시 노원구 상계로27길 12,60.53,60.53,60.53,43.46,60.53
509,1683,서울특별시 노원구 한글비석로 401,60.28,60.28,60.28,43.21,60.28
510,1684,서울특별시 노원구 상계로17길 17,60.92,60.92,60.92,42.74,60.92
511,1685,서울특별시 노원구 상계로9나길 33,61.02,61.02,61.02,43.11,61.02
512,1686,서울특별시 노원구 노원로 573,42.25,45.37,42.25,42.25,42.25
513,1687,서울특별시 노원구 동일로 1473,60.38,60.38,60.38,40.34,60.38
514,1688,서울특별시 노원구 동일로 1441,60.34,60.34,60.34,42.34,60.34
515,1689,서울특별시 노원구 노해로75길 20,42.05,45.17,42.05,42.05,42.05
516,1690,서울특별시 노원구 동일로 1456,60.52,60.52,60.52,42.51,60.52
517,1691,서울특별시 노원구 노원로 483,60.53,60.53,60.53,43.2,60.53
518,1692,서울특별시 노원구 상계로 93,61.03,61.03,61.03,42.64,61.03
519,1693,서울특별시 노원구 상계로 61,61.22,61.22,61.22,39.57,61.22
520,1694,서울특별시 노원구 동일로 1426,60.83,60.83,60.83,42.36,60.83
521,1695,서울특별시 노원구 노해로 489,61.09,61.09,42.25,42.25,61.09
522,1696,서울특별시 노원구 상계로 108,60.85,60.85,60.85,43.06,60.85
523,1697,서울특별시 노원구 상계로18길 6,61.05,61.05,61.05,43.26,61.05
524,1698,서울특별시 노원구 한글비석로 387,61.46,61.46,61.46,43.65,61.46
525,1699,서울특별시 노원구 한글비석로 387,61.46,61.46,61.46,43.65,61.46
526,1700,서울특별시 노원구 덕릉로77길 6,43,46.12,43,43,43
527,1701,서울특별시 노원구 덕릉로79길 23,43.28,47.12,43.28,43.28,43.28
528,1702,서울특별시 노원구 노원로26길 119,39.67,46.74,39.67,39.67,39.67
529,1703,서울특별시 노원구 노원로 420,42.71,45.83,39.48,39.48,42.71
530,1704,서울특별시 노원구 노원로 408,42.19,45.31,42.19,42.19,42.19
531,1705,서울특별시 노원구 노원로26가길 18,42.32,45.44,42.32,42.32,42.32
532,1706,서울특별시 노원구 덕릉로73길 28,42.92,46.04,42.92,42.92,42.92
533,1707,서울특별시 노원구 덕릉로 623,42.75,45.87,42.75,42.75,42.75
534,1708,서울특별시 노원구 덕릉로 591,42.64,45.77,42.64,42.64,42.64
535,1709,서울특별시 노원구 덕릉로71길 30,42.48,45.6,42.48,42.48,42.48
536,1710,서울특별시 노원구 덕릉로71길 5,42.45,45.57,42.45,42.45,42.45
537,1711,서울특별시 노원구 덕릉로 672,43.2,46.32,43.2,43.2,43.2
538,1712,서울특별시 노원구 덕릉로76길 29,43.22,46.34,43.22,43.22,43.22
539,1713,서울특별시 노원구 한글비석로 277,39.64,46.15,39.64,39.64,39.64
540,1714,서울특별시 노원구 한글비석로 261,39.45,45.97,39.45,39.45,39.45
541,1715,서울특별시 노원구 덕릉로94길 6,60.49,60.49,60.49,41.14,60.49
542,1716,서울특별시 노원구 덕릉로94길 10,60.53,60.53,60.53,41.18,60.53
543,1717,서울특별시 노원구 덕릉로86길 37,40.28,46.89,40.28,40.28,40.28
544,1718,서울특별시 노원구 덕릉로82길 36,40.87,46.75,40.87,40.87,40.87
545,1719,서울특별시 노원구 한글비석로12길 51,40.24,46.39,40.24,40.24,40.24
546,1720,서울특별시 노원구 한글비석로 262,39.04,44.92,39.04,39.04,39.04
547,1721,서울특별시 노원구 한글비석로12길 51,40.24,46.39,40.24,40.24,40.24
548,1722,서울특별시 노원구 중계로14마길 5,39.78,45.84,39.78,39.78,39.78
549,1723,서울특별시 노원구 중계로14다길 70,40.03,46.1,40.03,40.03,40.03
550,1724,서울특별시 노원구 중계로 172,39.69,45.85,39.45,39.45,39.69
551,1725,서울특별시 노원구 중계로14나길 44,39.71,45.77,39.71,39.71,39.71
552,1726,서울특별시 노원구 중계로8길 13,39.35,45.24,39.35,39.35,39.35
553,1727,서울특별시 노원구 중계로8길 119,39.73,45.8,39.73,39.73,39.73
554,1728,서울특별시 노원구 중계로8나길 17,39.54,45.42,39.54,39.54,39.54
555,1729,서울특별시 노원구 중계로2길 88,39.05,44.94,39.05,39.05,39.05
556,1730,서울특별시 노원구 중계로4길 2,39.09,44.98,39.09,39.09,39.09
557,1731,서울특별시 노원구 중계로4다길 18,39.5,45.39,39.5,39.5,39.5
558,1732,서울특별시 노원구 중계로2길 57,39.2,45.08,39.2,39.2,39.2
559,1733,서울특별시 노원구 중계로2나길 16,38.85,44.73,38.85,38.85,38.85
560,1734,서울특별시 노원구 한글비석로 256,38.98,44.86,38.98,38.98,38.98
561,1735,서울특별시 노원구 중계로 195,39.73,45.66,39.73,39.73,39.73
562,1736,서울특별시 노원구 중계로 181,39.81,45.74,39.81,39.81,39.81
563,1737,서울특별시 노원구 한글비석로8길 9,39.1,44.98,39.1,39.1,39.1
564,1738,서울특별시 노원구 한글비석로8길 16,39.17,45.05,39.17,39.17,39.17
565,1739,서울특별시 노원구 한글비석로8길 42,39.38,45.45,39.38,39.38,39.38
566,1740,서울특별시 노원구 중계로 131,39.54,45.6,39.54,39.54,39.54
567,1741,서울특별시 노원구 노원로22길 41,38.99,44.87,38.99,38.99,38.99
568,1742,서울특별시 노원구 중계로19길 16,39.23,45.12,39.23,39.23,39.23
569,1743,서울특별시 노원구 한글비석로 253,39.45,45.14,39.45,39.45,39.45
570,1744,서울특별시 노원구 노원로22길 71,38.98,44.86,38.98,38.98,38.98
571,1745,서울특별시 노원구 한글비석로5길 90,38.78,44.66,38.78,38.78,38.78
572,1746,서울특별시 노원구 노원로 334,38.55,44.43,38.55,38.55,38.55
573,1747,서울특별시 노원구 노원로18길 41,38.32,44.91,38.32,38.32,38.32
574,1748,서울특별시 노원구 노원로16길 21,38.72,44.6,38.72,38.72,38.72
575,1749,서울특별시 노원구 노원로16길 2,38.04,43.92,38.04,38.04,38.04
576,1750,서울특별시 노원구 노원로 238,38.13,44.01,38.13,38.13,38.13
577,1751,서울특별시 노원구 노해로 492,39.43,45.31,39.43,39.43,39.43
578,1752,서울특별시 노원구 동일로218길 44,39.27,45.15,39.27,39.27,39.27
579,1753,서울특별시 노원구 동일로216길 47,39.09,44.97,39.09,39.09,39.09
580,1754,서울특별시 노원구 동일로216길 92,39.4,45.28,39.4,39.4,39.4
581,1755,서울특별시 노원구 동일로216길 70,39.18,45.06,39.18,39.18,39.18
582,1756,서울특별시 노원구 동일로 1350,39.48,45.34,39.48,39.48,39.48
583,1757,서울특별시 노원구 동일로 1324,38.24,44.12,38.24,38.24,38.24
584,1758,서울특별시 노원구 덕릉로 553,38.75,44.63,38.75,38.75,38.75
585,1759,서울특별시 노원구 동일로210길 1,38.19,44.07,38.19,38.19,38.19
586,1760,서울특별시 노원구 동일로 1308,38.17,44.05,38.17,38.17,38.17
587,1761,서울특별시 노원구 동일로215길 48,39.02,45.41,39.02,39.02,39.02
588,1762,서울특별시 노원구 동일로 1405,39.34,45.23,39.34,39.34,39.34
589,1763,서울특별시 노원구 동일로 1349,38.5,44.38,38.5,38.5,38.5
590,1764,서울특별시 노원구 동일로213길 26,39.06,45.45,39.06,39.06,39.06
591,1765,서울특별시 노원구 덕릉로 459,38.4,44.28,38.4,38.4,38.4
592,1766,서울특별시 노원구 동일로213길 21,38.63,44.52,38.63,38.63,38.63
593,1767,서울특별시 노원구 동일로 1327,38.68,44.56,38.68,38.68,38.68
594,1768,서울특별시 노원구 덕릉로 483,38.16,44.05,38.16,38.16,38.16
595,1769,서울특별시 노원구 덕릉로 459,38.4,44.28,38.4,38.4,38.4
596,1770,서울특별시 노원구 덕릉로 460,38.56,44.44,38.56,38.56,38.56
597,1771,서울특별시 노원구 동일로207길 50,38.79,44.67,38.79,38.79,38.79
598,1772,서울특별시 노원구 덕릉로70길 99,37.5,43.38,37.5,37.5,37.5
599,1773,서울특별시 노원구 섬밭로 287,38.91,44.79,38.91,38.91,38.91
600,1774,서울특별시 노원구 섬밭로 265,37.43,43.31,37.43,37.43,37.43
601,1775,서울특별시 노원구 동일로207길 186,37.6,43.49,37.6,37.6,37.6
602,1776,서울특별시 노원구 동일로203길 73,37.37,43.25,37.37,37.37,37.37
603,1777,서울특별시 노원구 동일로207길 18,38.7,44.58,38.7,38.7,38.7
604,1778,서울특별시 노원구 동일로207길 23,38.03,43.91,38.03,38.03,38.03
605,1779,서울특별시 노원구 동일로203가길 2,37.42,44.02,37.42,37.42,37.42
606,1780,서울특별시 노원구 한글비석로 39,37.07,43.67,37.07,37.07,37.07
607,1781,서울특별시 노원구 동일로 1286,37.86,43.74,37.86,37.86,37.86
608,1782,서울특별시 노원구 동일로 1280,38.03,43.92,38.03,38.03,38.03
609,1783,서울특별시 노원구 동일로204가길 41,37.74,43.62,37.74,37.74,37.74
610,1784,서울특별시 노원구 동일로 1196,37,43.6,37,37,37
611,1785,서울특별시 노원구 공릉로 438,38.32,44.92,38.32,38.32,38.32
612,1786,서울특별시 노원구 노원로 331,38.45,44.33,38.45,38.45,38.45
613,1787,서울특별시 노원구 노원로17길 64,37.79,44.38,37.79,37.79,37.79
614,1788,서울특별시 노원구 한글비석로1길 97,38.05,44.65,38.05,38.05,38.05
615,1789,서울특별시 노원구 한글비석로1길 81,38.01,44.6,38.01,38.01,38.01
616,1790,서울특별시 노원구 한글비석로1길 53,37.72,44.32,37.72,37.72,37.72
617,1791,서울특별시 노원구 한글비석로 107,37.81,44.41,37.81,37.81,37.81
618,1792,서울특별시 노원구 중계로 57,38.76,44.65,38.76,38.76,38.76
619,1793,서울특별시 노원구 중계로2나길 26,38.91,44.79,38.91,38.91,38.91
620,1794,서울특별시 노원구 화랑로 727,40.63,45.47,40.63,40.63,40.63
621,1795,서울특별시 노원구 화랑로 815,64.98,64.98,64.98,39.2,64.98
622,1796,서울특별시 노원구 화랑로60길 80,38.99,46.16,38.99,38.99,38.99
623,1797,서울특별시 노원구 화랑로53길 16,37.26,44.42,37.26,37.26,37.26
624,1798,서울특별시 노원구 노원로 62,36.56,43.72,36.56,36.56,36.56
625,1799,서울특별시 노원구 노원로 58,36.51,43.67,36.51,36.51,36.51
626,1800,서울특별시 노원구 화랑로51길 17,36.47,43.63,36.47,36.47,36.47
627,1801,서울특별시 노원구 화랑로51가길 3,36.26,43.42,36.26,36.26,36.26
628,1802,서울특별시 노원구 화랑로 608,36.41,43.57,36.41,36.41,36.41
629,1803,서울특별시 노원구 공릉로22길 11,35.24,42.4,35.24,35.24,35.24
630,1804,서울특별시 노원구 화랑로 540,35.67,42.83,35.67,35.67,35.67
631,1805,서울특별시 노원구 화랑로 574,37.73,44.89,37.73,37.73,37.73
632,1806,서울특별시 노원구 공릉로62길 15,37.62,44.22,37.62,37.62,37.62
633,1807,서울특별시 노원구 한글비석로 98,37.58,44.18,37.58,37.58,37.58
634,1808,서울특별시 노원구 공릉로58마길 31,38.23,44.82,38.23,38.23,38.23
635,1809,서울특별시 노원구 공릉로62가길 16,37.61,44.21,37.61,37.61,37.61
636,1810,서울특별시 노원구 공릉로58길 24,37.9,44.5,37.9,37.9,37.9
637,1811,서울특별시 노원구 공릉로 232,38.33,43.87,38.33,38.33,38.33
638,1812,서울특별시 노원구 노원로 75,36.41,43.58,36.41,36.41,36.41
639,1813,서울특별시 노원구 공릉로46길 23,36.08,43.24,36.08,36.08,36.08
640,1814,서울특별시 노원구 공릉로46길 13,36.05,43.21,36.05,36.05,36.05
641,1815,서울특별시 노원구 공릉로46가길 25,35.96,43.13,35.96,35.96,35.96
642,1816,서울특별시 노원구 공릉로46길 28,36.12,43.28,36.12,36.12,36.12
643,1817,서울특별시 노원구 공릉로42길 107,36.07,43.45,36.07,36.07,36.07
644,1818,서울특별시 노원구 공릉로34길 123,35.78,42.95,35.78,35.78,35.78
645,1819,서울특별시 노원구 공릉로 152,35.55,42.72,35.55,35.55,35.55
646,1820,서울특별시 노원구 공릉로34길 62,35.78,42.95,35.78,35.78,35.78
647,1821,서울특별시 노원구 노원로 29,36.43,43.39,36.43,36.43,36.43
648,1822,서울특별시 노원구 노원로1가길 10,36.12,43.28,36.12,36.12,36.12
649,1823,서울특별시 노원구 노원로1나길 28,35.78,42.95,35.78,35.78,35.78
650,1824,서울특별시 노원구 공릉로32길 29,35.55,42.71,35.55,35.55,35.55
651,1825,서울특별시 노원구 공릉로32길 4,35.4,42.57,35.4,35.4,35.4
652,1826,서울특별시 노원구 노원로1라길 23,35.45,42.62,35.45,35.45,35.45
653,1827,서울특별시 노원구 노원로1길 9,36.23,43.02,36.23,36.23,36.23
654,1828,서울특별시 노원구 노원로1길 73,41.47,42.74,36.29,36.29,41.47
655,1829,서울특별시 노원구 동일로 1192,37.9,43.2,36.8,36.8,37.9
656,1830,서울특별시 노원구 공릉로59나길 78,37.42,44.02,37.42,37.42,37.42
657,1831,서울특별시 노원구 공릉로59길 25,37.79,44.39,37.79,37.79,37.79
658,1832,서울특별시 노원구 공릉로 261,37.82,44.42,37.82,37.82,37.82
659,1833,서울특별시 노원구 동일로192길 91,36.08,43.24,36.08,36.08,36.08
660,1834,서울특별시 노원구 공릉로 191,36.21,43.37,36.21,36.21,36.21
661,1835,서울특별시 노원구 공릉로41마길 16,36.19,43.35,36.19,36.19,36.19
662,1836,서울특별시 노원구 공릉로39길 22,35.67,42.84,35.67,35.67,35.67
663,1837,서울특별시 노원구 공릉로35길 14,35.64,42.8,35.64,35.64,35.64
664,1838,서울특별시 노원구 동일로 1130,36.26,43.42,36.26,36.26,36.26
665,1839,서울특별시 노원구 동일로196길 27,35.98,43.43,35.98,35.98,35.98
666,1840,서울특별시 노원구 동일로192길 5,35.92,43.09,35.92,35.92,35.92
667,1841,서울특별시 노원구 동일로192길 27,36.84,43.06,36.84,36.84,36.84
668,1842,서울특별시 노원구 동일로190길 33,35.7,42.86,35.7,35.7,35.7
669,1843,서울특별시 노원구 동일로186길 36,35.87,42.92,35.87,35.87,35.87
670,1844,서울특별시 노원구 동일로 1058,35.49,42.66,35.49,35.49,35.49
671,1845,서울특별시 노원구 동일로182길 37,35.5,42.66,35.5,35.5,35.5
672,1846,서울특별시 노원구 동일로182길 63,35.61,42.77,35.61,35.61,35.61
673,1847,서울특별시 노원구 공릉로 115,35.47,42.63,35.47,35.47,35.47
674,1848,서울특별시 노원구 동일로176길 15,35.01,42.18,35.01,35.01,35.01
675,1849,서울특별시 노원구 화랑로 446,41.57,50.05,41.57,41.57,41.57
676,1850,서울특별시 노원구 동일로198가길 149,37.44,44.04,37.44,37.44,37.44
677,1851,서울특별시 노원구 동일로197길 12,35.88,44.45,35.88,35.88,35.88
678,1852,서울특별시 노원구 동일로195길 14,35.7,38,35.7,35.7,35.7
679,1853,서울특별시 노원구 동일로193길 36,35.43,42.6,35.43,35.43,35.43
680,1854,서울특별시 노원구 섬밭로 123,35.74,44.2,35.74,35.74,35.74
681,1855,서울특별시 노원구 화랑로 405,35.43,42.32,35.43,35.43,35.43
682,1856,서울특별시 노원구 동일로179길 36,35.02,42.18,35.02,35.02,35.02
683,1857,서울특별시 노원구 동일로183길 15,35.25,42.42,35.25,35.25,35.25
684,1858,서울특별시 노원구 동일로173가길 38,35.14,42.31,35.14,35.14,35.14
685,1859,서울특별시 노원구 동일로173가길 63,35.04,42.24,35.04,35.04,35.04
686,1860,서울특별시 노원구 동일로173길 36,34.57,41.78,34.57,34.57,34.57
687,1861,서울특별시 노원구 화랑로 425,34.72,41.92,34.72,34.72,34.72
688,1862,서울특별시 노원구 한글비석로 6,38.3,43.53,36.34,36.34,38.3
689,1863,서울특별시 노원구 한글비석로 46,37.36,42.83,37.36,37.36,37.36
690,1864,서울특별시 노원구 월계로55길 64,39.52,63.38,37.56,37.56,39.52
691,1865,서울특별시 노원구 월계로55길 49,37.16,42.64,37.16,37.16,37.16
692,1866,서울특별시 노원구 마들로5길 89,39.2,44.67,39.2,39.2,39.2
693,1867,서울특별시 노원구 초안산로2길 105,39.79,63.66,39.79,39.79,39.79
694,1868,서울특별시 노원구 초안산로5길 28,36.01,38.56,36.01,36.01,36.01
695,1869,서울특별시 노원구 초안산로7길 44,36.12,38.68,36.12,36.12,36.12
696,1870,서울특별시 노원구 덕릉로60길 293,33.93,40.65,35.89,35.89,35.89
697,1871,서울특별시 노원구 덕릉로60길 184,34.33,35.3,34.33,34.33,34.33
698,1872,서울특별시 노원구 덕릉로60길 234,34.21,35.48,34.21,34.21,34.21
699,1873,서울특별시 노원구 덕릉로60길 240,36.14,40.91,34.18,36.14,36.14
700,1874,서울특별시 노원구 초안산로5길 66,36.21,38.76,34.24,36.21,36.21
701,1875,서울특별시 노원구 월계로45가길 89,36.02,38.7,34.06,36.02,36.02
702,1876,서울특별시 노원구 월계로45가길 94,36.03,33,36.03,36.03,36.03
703,1877,서울특별시 노원구 월계로45가길 54,36.3,33.27,36.3,37.1,36.3
704,1878,서울특별시 노원구 초안산로 12,37.04,64.03,37.04,37.04,37.04
705,1879,서울특별시 노원구 초안산로2라길 20,36.95,38.17,36.95,36.95,36.95
706,1880,서울특별시 노원구 월계로 325,40.49,63.55,40.49,40.49,40.49
707,1881,서울특별시 노원구 초안산로 7,36.48,38.01,36.48,36.48,36.48
708,1882,서울특별시 노원구 초안산로1길 18,36.62,38.3,36.62,36.62,36.62
709,1883,서울특별시 노원구 월계로45길 37,36.28,40.24,36.28,36.28,36.28
710,1884,서울특별시 노원구 월계로42길 29,35.92,32.09,35.92,35.92,35.92
711,1885,서울특별시 노원구 광운로 149,36.46,32.63,36.46,36.46,36.46
712,1886,서울특별시 노원구 석계로18길 10,39.02,36.3,39.02,39.02,39.02
713,1887,서울특별시 노원구 광운로19가길 11,37.35,33.52,37.35,36.34,37.35
714,1888,서울특별시 노원구 월계로44가길 43,36.43,32.6,33.67,33.67,33.67
715,1889,서울특별시 노원구 월계로42길 97,36.17,32.34,33.41,33.41,33.41
716,1890,서울특별시 노원구 광운로1길 34,36.53,40.43,33.77,33.77,36.53
717,1891,서울특별시 노원구 광운로7길 14,36.59,42.06,36.59,36.59,36.59
718,1892,서울특별시 노원구 광운로 59,36.23,41.71,36.23,36.23,36.23
719,1893,서울특별시 노원구 석계로 105,33.6,40.89,33.6,33.6,33.6
720,1894,서울특별시 노원구 석계로15길 33,33.53,40.81,33.53,33.53,33.53
721,1895,서울특별시 노원구 화랑로 337,35.49,40.77,35.49,35.49,35.49
722,1896,서울특별시 노원구 석계로13길 11,38.66,41.77,38.66,38.66,38.66
723,1897,서울특별시 노원구 광운로 20,36.36,40.83,36.36,36.36,36.36
724,1898,서울특별시 노원구 광운로3길 8,35.95,40.42,35.95,35.95,35.95
725,1899,서울특별시 노원구 광운로6길 33,36.18,40.65,36.18,36.18,36.18
726,1900,서울특별시 노원구 석계로9길 56,35.92,41.12,35.92,35.92,35.92
727,1901,서울특별시 노원구 석계로 39,38.31,41.42,38.31,38.31,38.31
728,1902,서울특별시 노원구 석계로 23,35.78,42.18,35.78,35.78,35.78
729,1904,서울특별시 노원구 화랑로43가길 25,35.7,40.9,35.7,35.7,35.7
730,1905,서울특별시 노원구 월계로 370,37.01,37.68,37.01,37.01,37.01
731,1906,서울특별시 노원구 마들로3길 13,39.62,42.73,39.62,39.62,39.62
732,1907,서울특별시 노원구 마들로3길 37,39.29,42.4,39.29,39.29,39.29
733,1909,서울특별시 노원구 마들로 111,38.65,42.28,38.65,38.65,38.65
734,1910,서울특별시 노원구 화랑로45길 61,38.14,41.25,38.14,38.14,38.14
735,1911,서울특별시 노원구 마들로 45,38.13,41.75,38.13,38.13,38.13
736,1912,서울특별시 노원구 마들로 86,38.38,42,38.38,38.38,38.38
737,1913,서울특별시 노원구 마들로1가길 123,37.83,42.21,37.83,37.83,37.83
738,1914,서울특별시 노원구 화랑로 349,37.77,42.15,37.77,37.77,37.77
739,2000,서울특별시 중랑구 중랑천로 197,39.27,43.66,39.27,39.27,39.27
740,2001,서울특별시 중랑구 중랑역로47길 6,37.79,42.23,37.79,37.79,37.79
741,2002,서울특별시 중랑구 중랑역로 230,38.42,42.39,38.42,38.42,38.42
742,2003,서울특별시 중랑구 동일로169가길 13,38.17,42.62,38.17,38.17,38.17
743,2004,서울특별시 중랑구 중랑천로 306,38.44,42.88,38.44,38.44,38.44
744,2005,서울특별시 중랑구 동일로 921,38.04,42.49,38.04,38.04,38.04
745,2006,서울특별시 중랑구 중랑역로 192,38.24,42.68,38.24,38.24,38.24
746,2007,서울특별시 중랑구 봉화산로3길 204,38.36,42.81,38.36,38.36,38.36
747,2008,서울특별시 중랑구 중랑천로 258,39.27,40.66,39.27,39.27,39.27
748,2009,서울특별시 중랑구 중랑역로 166,38.65,43.1,38.65,37.85,38.65
749,2010,서울특별시 중랑구 동일로149가길 7,37.98,43.22,37.98,37.98,37.98
750,2011,서울특별시 중랑구 중랑천로 252,38.38,38.38,38.38,38.38,38.38
751,2012,서울특별시 중랑구 중랑천로50길 13,38.12,38.12,38.12,38.12,38.12
752,2013,서울특별시 중랑구 동일로143길 12,38.08,44.69,38.08,38.08,38.08
753,2014,서울특별시 중랑구 중랑역로 122,38.25,40.86,38.25,38.25,38.25
754,2015,서울특별시 중랑구 중랑역로 123,38.23,44.83,38.23,38.23,38.23
755,2016,서울특별시 중랑구 봉화산로 17,38.67,40.67,38.67,38.67,38.67
756,2017,서울특별시 중랑구 봉화산로15길 11,38.58,40.59,38.58,38.58,38.58
757,2018,서울특별시 중랑구 동일로 966,37.26,42.51,37.26,37.26,37.26
758,2019,서울특별시 중랑구 공릉로12가길 49,37.46,42.65,37.46,37.46,37.46
759,2020,서울특별시 중랑구 공릉로18길 59,37.54,42.64,37.54,37.54,37.54
760,2021,서울특별시 중랑구 신내로25가길 7,37.54,42.78,37.54,37.54,37.54
761,2022,서울특별시 중랑구 숙선옹주로 115,39.58,42.38,39.58,39.58,39.58
762,2023,서울특별시 중랑구 신내로21길 16,39.64,43,39.64,39.64,39.64
763,2024,서울특별시 중랑구 신내로 211,39.03,42.96,39.03,39.03,39.03
764,2025,서울특별시 중랑구 신내로 155,39.08,44.26,39.08,39.08,39.08
765,2026,서울특별시 중랑구 신내로 131,39.12,44.3,39.12,39.12,39.12
766,2027,서울특별시 중랑구 신내로15길 110,39.25,43.93,39.25,39.25,39.25
767,2028,서울특별시 중랑구 신내로17길 113,39.27,42.63,39.27,39.27,39.27
768,2029,서울특별시 중랑구 숙선옹주로 85,39.97,43.42,38.09,39.97,39.97
769,2030,서울특별시 중랑구 공릉로12가길 70,37.37,42.61,37.37,37.37,37.37
770,2031,서울특별시 중랑구 숙선옹주로5길 10,37.76,42.96,37.76,37.76,37.76
771,2032,서울특별시 중랑구 중랑역로 272,37.32,42.47,37.32,37.32,37.32
772,2033,서울특별시 중랑구 동일로 916,37.24,42.49,37.24,37.24,37.24
773,2034,서울특별시 중랑구 공릉로 38,37.54,42.68,37.54,37.54,37.54
774,2035,서울특별시 중랑구 공릉로2나길 32,37.56,42.76,37.56,37.56,37.56
775,2036,서울특별시 중랑구 공릉로2길 39,37.76,42.2,37.76,37.76,37.76
776,2037,서울특별시 중랑구 공릉로2길 46,38.35,41.05,38.35,38.35,38.35
777,2038,서울특별시 중랑구 동일로156길 27,37.97,40.67,37.97,37.97,37.97
778,2039,서울특별시 중랑구 동일로154길 39,37.97,40.67,37.97,37.97,37.97
779,2040,서울특별시 중랑구 공릉로2라길 26,37.78,42.98,37.78,37.78,37.78
780,2041,서울특별시 중랑구 숙선옹주로 76,37.98,43.18,37.98,37.98,37.98
781,2042,서울특별시 중랑구 신내로21길 115,39.76,43.12,39.76,39.76,39.76
782,2043,서울특별시 중랑구 봉화산로 189,39.38,39.38,39.38,39.38,39.38
783,2044,서울특별시 중랑구 봉화산로 153,39.92,41.63,39.92,40.78,40.78
784,2045,서울특별시 중랑구 동일로148나길 9,39.28,41.25,39.28,39.28,39.28
785,2046,서울특별시 중랑구 동일로148길 30,39.14,41.11,39.14,39.14,39.14
786,2047,서울특별시 중랑구 동일로140길 19,39.12,40.05,39.12,39.12,39.12
787,2048,서울특별시 중랑구 봉화산로41길 17,40.94,40.37,40.94,40.94,40.94
788,2049,서울특별시 중랑구 봉화산로 65,41.45,40.78,41.45,41.45,41.45
789,2050,서울특별시 중랑구 동일로136길 19,39.48,39.84,39.48,39.48,39.48
790,2051,서울특별시 중랑구 봉화산로 55,38.86,39.82,39.92,39.92,39.92
791,2052,서울특별시 중랑구 신내로 194,39.63,44.12,39.63,39.63,39.63
792,2053,서울특별시 중랑구 신내로 150,39.01,44.19,39.01,39.01,39.01
793,2054,서울특별시 중랑구 신내로 92,39.27,39.27,39.27,39.27,39.27
794,2055,서울특별시 중랑구 신내역로3길 4,39.84,48.52,39.84,39.84,39.84
795,2056,서울특별시 중랑구 신내역로 20,38.5,38.5,38.5,38.5,38.5
796,2057,서울특별시 중랑구 봉화산로59길 17,39.26,39.26,39.26,39.26,39.26
797,2058,서울특별시 중랑구 용마산로 624,39.76,42.24,39.76,39.76,39.76
798,2059,서울특별시 중랑구 망우로71길 39,40.03,42.14,40.03,40.03,40.03
799,2060,서울특별시 중랑구 망우로71길 44,40.73,41.11,40.73,40.73,40.73
800,2061,서울특별시 중랑구 송림길 124,39.49,42.42,39.49,39.49,39.49
801,2062,서울특별시 중랑구 송림길 160,39.89,42.54,39.89,39.89,39.89
802,2063,서울특별시 중랑구 망우로 511,40.48,43.6,40.48,40.48,40.48
803,2064,서울특별시 중랑구 망우로 503,40.41,42.22,40.41,40.41,40.41
804,2065,서울특별시 중랑구 용마산로118길 77,40.39,41.23,40.39,40.39,40.39
805,2066,서울특별시 중랑구 망우로 495,40.56,42.37,40.56,40.56,40.56
806,2067,서울특별시 중랑구 신내로 82,39.46,42.06,39.46,39.46,39.46
807,2068,서울특별시 중랑구 용마산로129길 22,38.93,38.93,38.93,38.93,38.93
808,2069,서울특별시 중랑구 신내로 56,39.4,41.88,39.4,39.4,39.4
809,2070,서울특별시 중랑구 봉화산로56길 99,39.28,39.28,39.28,39.28,39.28
810,2071,서울특별시 중랑구 봉화산로56길 153,39.91,37.78,39.91,39.91,39.91
811,2072,서울특별시 중랑구 망우로 433,39.66,39.66,39.66,39.66,39.66
812,2073,서울특별시 중랑구 망우로 407,39.93,39.93,39.93,39.93,39.93
813,2074,서울특별시 중랑구 봉화산로44길 25,40.18,40.3,40.18,40.18,40.18
814,2075,서울특별시 중랑구 봉화산로 144,39.91,40.7,39.91,39.91,39.91
815,2076,서울특별시 중랑구 신내로 51,39.51,42.02,39.51,39.51,39.51
816,2077,서울특별시 중랑구 봉화산로48길 62,39.72,41.55,39.72,39.72,39.72
817,2078,서울특별시 중랑구 상봉중앙로8길 104,39.88,40.75,39.88,39.88,39.88
818,2079,서울특별시 중랑구 신내로7가길 31,39.93,40.94,39.93,39.93,39.93
819,2080,서울특별시 중랑구 상봉중앙로8길 76,39.6,41.29,40.83,40.83,40.83
820,2081,서울특별시 중랑구 상봉중앙로6길 49,39.83,41.04,42.14,42.14,42.14
821,2082,서울특별시 중랑구 상봉중앙로6나길 3,39.85,41.06,42.3,42.3,42.3
822,2083,서울특별시 중랑구 신내로7나길 32,41.87,40.91,41.87,41.87,41.87
823,2084,서울특별시 중랑구 신내로7다길 57,39.89,41.1,42.03,42.03,42.03
824,2085,서울특별시 중랑구 신내로7길 16,41.65,41.91,41.65,41.65,41.65
825,2086,서울특별시 중랑구 송림길 6,41.94,45.91,41.94,41.94,41.94
826,2087,서울특별시 중랑구 망우로 363,42.31,41.02,42.31,42.31,42.31
827,2088,서울특별시 중랑구 동일로130길 13,39.2,40.41,40.76,40.76,40.76
828,2089,서울특별시 중랑구 동일로130길 57,39.24,40.45,40.84,40.84,40.84
829,2090,서울특별시 중랑구 상봉중앙로 45,42.4,41.1,42.4,42.4,42.4
830,2091,서울특별시 중랑구 상봉중앙로5다길 29,39.26,39.72,42.11,42.11,42.11
831,2092,서울특별시 중랑구 봉화산로26가길 39,39.38,39.8,42.5,42.5,42.5
832,2093,서울특별시 중랑구 봉화산로30길 68,39.22,39.68,42.07,42.07,42.07
833,2094,서울특별시 중랑구 동일로126길 17,38.98,40.19,40.73,40.73,40.73
834,2095,서울특별시 중랑구 동일로 756,38.78,39.23,41.62,41.62,41.62
835,2096,서울특별시 중랑구 동일로120길 55,39.65,40.92,42.93,42.93,42.93
836,2097,서울특별시 중랑구 봉화산로30길 103,39.06,39.52,41.91,41.91,41.91
837,2098,서울특별시 중랑구 망우로 283,39.72,39.29,43.11,43.11,43.11
838,2099,서울특별시 중랑구 중랑천로 159,40.68,41.1,40.68,40.68,40.68
839,2100,서울특별시 중랑구 봉화산로2길 22,38.91,40.12,37.86,37.86,38.91
840,2101,서울특별시 중랑구 봉화산로10길 12,39.05,40.26,38,38,39.05
841,2102,서울특별시 중랑구 동일로 787,40.41,40.48,40.41,40.41,40.41
842,2103,서울특별시 중랑구 동일로123가길 28,39.05,40.87,40.78,40.78,40.78
843,2104,서울특별시 중랑구 봉화산로4길 35,40.08,39.22,40.94,40.94,40.94
844,2105,서울특별시 중랑구 중랑역로15길 46,38.63,39.46,41.46,41.46,41.46
845,2106,서울특별시 중랑구 동일로123길 85,40,40,38.02,38.02,40
846,2107,서울특별시 중랑구 동일로123나길 20,38.41,40.58,38.4,38.4,38.41
847,2108,서울특별시 중랑구 동일로121가길 21,38.42,40.81,38.42,38.42,38.42
848,2109,서울특별시 중랑구 중랑역로 12,39.7,39.04,39.19,41.31,39.7
849,2110,서울특별시 중랑구 중랑역로9길 11,38.27,40.62,39.49,41.61,40.62
850,2111,서울특별시 중랑구 중랑역로3나길 46,39.44,39.44,41.05,41.05,41.05
851,2112,서울특별시 중랑구 중랑역로3길 60,38.21,39.47,38.36,38.36,38.36
852,2113,서울특별시 중랑구 중랑천로 146,38.74,38.74,41.14,41.14,41.14
853,2114,서울특별시 중랑구 중랑천로17길 11,39.45,39.45,39.45,38.51,39.45
854,2115,서울특별시 중랑구 망우로 165,37.83,38.34,37.97,37.97,37.97
855,2116,서울특별시 중랑구 중랑역로 3,37.74,39.46,41.1,41.1,41.1
856,2117,서울특별시 중랑구 망우로 235,39.58,40.85,38.48,38.48,39.58
857,2118,서울특별시 중랑구 망우로26길 61,37.54,38.05,37.69,37.69,37.69
858,2119,서울특별시 중랑구 망우로 186,37.77,39.05,37.92,37.92,37.92
859,2120,서울특별시 중랑구 망우로 198,37.89,38.4,38.03,38.03,38.03
860,2121,서울특별시 중랑구 중랑천로10길 87,38.38,38.9,38.53,38.53,38.53
861,2122,서울특별시 중랑구 동일로 709,38.5,39.01,38.64,38.64,38.64
862,2123,서울특별시 중랑구 동일로111길 16,38.35,39.62,38.65,38.65,38.65
863,2124,서울특별시 중랑구 동일로109길 28,38.62,39.9,38.77,38.77,38.77
864,2125,서울특별시 중랑구 중랑천로10길 56,38.09,39.36,38.24,38.24,38.24
865,2126,서울특별시 중랑구 동일로109길 102,37.75,38.26,37.91,37.91,37.91
866,2127,서울특별시 중랑구 봉우재로5길 9,38.08,38.59,38.22,38.22,38.22
867,2128,서울특별시 중랑구 봉우재로 29,38.93,40.2,39.08,39.08,39.08
868,2129,서울특별시 중랑구 동일로109길 31,38.65,39.92,38.8,38.8,38.8
869,2130,서울특별시 중랑구 봉우재로14길 17,38.78,39.55,39.09,40.87,39.55
870,2131,서울특별시 중랑구 동일로101길 38,39.07,39.52,39.07,40.85,39.52
871,2132,서울특별시 중랑구 동일로101길 104,38.81,38.5,38.81,40.59,38.81
872,2133,서울특별시 중랑구 중랑천로2길 24,39.45,39.45,39.09,40.87,39.45
873,2134,서울특별시 중랑구 겸재로3길 28,39.55,39.55,39.2,40.97,39.55
874,2135,서울특별시 중랑구 동일로 657,39.64,40.1,39.64,41.42,40.1
875,2136,서울특별시 중랑구 동일로116길 12,40.14,40.14,40.14,41.59,40.14
876,2137,서울특별시 중랑구 망우로 290,39.68,40.13,39.68,41.45,40.13
877,2138,서울특별시 중랑구 봉우재로 105,40.26,40.71,40.26,42.03,40.71
878,2139,서울특별시 중랑구 동일로114길 14,39.67,40.13,39.67,41.45,40.13
879,2140,서울특별시 중랑구 동일로 678,38.66,39.11,42.7,42.72,42.7
880,2141,서울특별시 중랑구 동일로102길 10,43.81,40.22,43.81,42.83,43.81
881,2142,서울특별시 중랑구 면목천로23길 52,43.75,40.16,43.75,41.8,43.75
882,2143,서울특별시 중랑구 봉우재로 114,42.7,39.12,42.7,38.02,42.7
883,2144,서울특별시 중랑구 면목천로23길 28,42.43,38.84,42.43,37.75,42.43
884,2145,서울특별시 중랑구 겸재로29길 26,42.67,39.08,42.67,38.67,42.67
885,2146,서울특별시 중랑구 겸재로29길 72,42.59,39,42.59,37.9,42.59
886,2147,서울특별시 중랑구 면목천로 127,42.19,38.6,42.19,38.19,42.19
887,2148,서울특별시 중랑구 면목로 480,43.93,40.34,43.93,41.67,43.93
888,2149,서울특별시 중랑구 망우로 326,44.04,40.45,44.04,41.78,44.04
889,2150,서울특별시 중랑구 상봉로 131,44.65,41.06,44.65,42.55,44.65
890,2151,서울특별시 중랑구 상봉로 117,44.58,40.99,44.58,42.48,44.58
891,2152,서울특별시 중랑구 상봉로25길 27,44.41,40.82,44.41,42.15,44.41
892,2153,서울특별시 중랑구 봉우재로37가길 16,44.33,40.85,44.33,42.06,44.33
893,2154,서울특별시 중랑구 봉우재로33길 63,44.42,40.83,44.42,42.16,44.42
894,2155,서울특별시 중랑구 봉우재로 140,44.23,40.75,44.23,41.97,44.23
895,2156,서울특별시 중랑구 상봉로 89,44.67,40.43,44.67,42.87,44.67
896,2157,서울특별시 중랑구 상봉로17길 21,44.66,41.17,44.66,43.09,44.66
897,2158,서울특별시 중랑구 상봉로15길 3,43.63,40.68,43.63,43.12,43.63
898,2159,서울특별시 중랑구 면목로78길 81,43.77,40.82,43.77,43.26,43.77
899,2160,서울특별시 중랑구 면목로84가길 17,42.85,38.5,42.85,40.59,42.85
900,2161,서울특별시 중랑구 겸재로49길 29,42.85,39.26,42.85,40.59,42.85
901,2162,서울특별시 중랑구 겸재로 211,43.53,40.6,43.53,41.27,43.53
902,2163,서울특별시 중랑구 망우로 384,44.57,40.22,44.57,42.67,44.57
903,2164,서울특별시 중랑구 망우로 410,44.82,40.47,44.82,42.04,44.82
904,2165,서울특별시 중랑구 용마산로 521,42,41.78,41.88,41.88,41.88
905,2166,서울특별시 중랑구 용마산로113길 23,45.01,40.66,42.28,42.28,42.28
906,2167,서울특별시 중랑구 망우로62길 52,44.32,40.77,42.36,42.36,42.36
907,2168,서울특별시 중랑구 상봉로28길 45,45.03,40.64,45.03,42.73,45.03
908,2169,서울특별시 중랑구 상봉로 118,45.1,40.37,45.1,42.62,45.1
909,2170,서울특별시 중랑구 봉우재로57길 9,44.89,40.64,44.89,39.75,44.89
910,2171,서울특별시 중랑구 상봉로26길 38,44.96,41.48,44.96,39.82,44.96
911,2172,서울특별시 중랑구 봉우재로71길 43,44.27,41.44,39.48,39.48,41.44
912,2173,서울특별시 중랑구 봉우재로70길 40,43.85,40.26,43.85,39.69,43.85
913,2174,서울특별시 중랑구 겸재로61길 64,43.77,40.18,43.77,40.3,43.77
914,2175,서울특별시 중랑구 상봉로14길 37,43.59,40,43.59,40.12,43.59
915,2176,서울특별시 중랑구 용마산로116길 16,38.93,41.67,38.93,38.93,38.93
916,2177,서울특별시 중랑구 망우로 460,39.03,41.77,39.03,41.99,41.77
917,2178,서울특별시 중랑구 망우로 494,42.34,42.12,42.34,42.34,42.34
918,2179,서울특별시 중랑구 망우로70길 57,42.26,42.05,42.26,42.26,42.26
919,2180,서울특별시 중랑구 망우로68길 39,41.99,41.77,41.99,41.99,41.99
920,2181,서울특별시 중랑구 용마산로 516,42.22,40.64,42.22,42.22,42.22
921,2182,서울특별시 중랑구 용마산로 490,38.63,40.36,42.57,42.57,42.57
922,2183,서울특별시 중랑구 용마산로106길 16,42.43,40.35,42.43,42.43,42.43
923,2184,서울특별시 중랑구 용마산로 468,38.42,39.38,42.53,42.53,42.53
924,2185,서울특별시 중랑구 용마산로100길 49,38.53,40.26,42.92,42.92,42.92
925,2186,서울특별시 중랑구 용마공원로 51,44.52,41.01,42.69,42.71,42.71
926,2187,서울특별시 중랑구 용마산로100길 70,43.93,39.58,43.93,43,43.93
927,2188,서울특별시 중랑구 용마산로100길 8,43.63,39.28,43.63,42.7,43.63
928,2189,서울특별시 중랑구 용마산로94길 31,43.48,39.13,43.48,43.12,43.48
929,2190,서울특별시 중랑구 용마산로96길 48,43.7,39.35,43.7,43.05,43.7
930,2191,서울특별시 중랑구 용마산로94가길 20,43.47,39.12,43.47,43.12,43.47
931,2192,서울특별시 중랑구 용마산로86길 9,43,39.41,43,40.73,43
932,2193,서울특별시 중랑구 용마산로 376,42.79,39.2,42.79,40.53,42.79
933,2194,서울특별시 중랑구 용마산로72길 20,42.71,39.12,42.71,40.47,42.71
934,2195,서울특별시 중랑구 용마산로70길 46,42.62,39.03,42.62,40.38,42.62
935,2196,서울특별시 중랑구 사가정로71길 19,42.57,37.71,42.57,40.32,42.57
936,2197,서울특별시 중랑구 겸재로42길 35,42.63,39.05,42.63,40.39,42.63
937,2198,서울특별시 중랑구 겸재로 208,42.72,39.13,42.72,40.48,42.72
938,2199,서울특별시 중랑구 겸재로 214,42.78,39.19,42.78,40.53,42.78
939,2200,서울특별시 중랑구 용마산로93길 34,43.35,39.76,43.35,43.13,43.35
940,2201,서울특별시 중랑구 용마산로 421,43.51,39.92,43.07,43.07,43.07
941,2202,서울특별시 중랑구 겸재로50길 52,37.99,38.95,41.76,43.26,41.76
942,2203,서울특별시 중랑구 겸재로54길 59,37.53,40.45,41.3,36.24,40.45
943,2204,서울특별시 중랑구 겸재로48길 31,37.91,37.91,41.42,36.36,37.91
944,2205,서울특별시 중랑구 면목로66길 8,37.22,37.66,40.99,39.61,39.61
945,2206,서울특별시 중랑구 면목로64길 32,37.9,39.17,37.9,39.99,39.17
946,2207,서울특별시 중랑구 상봉로1길 17,38.08,39.79,41.85,37.55,39.79
947,2208,서울특별시 중랑구 면목로56길 63,37.23,37.67,42.53,39.61,39.61
948,2209,서울특별시 중랑구 면목로56가길 16,42.33,38.74,42.33,39.42,42.33
949,2210,서울특별시 중랑구 면목로44나길 45,42.38,38.67,37.07,39.47,39.47
950,2211,서울특별시 중랑구 면목로54길 54,37.23,38.95,37.23,39.63,38.95
951,2212,서울특별시 중랑구 면목로44마길 16,37.23,38.95,37.23,39.63,38.95
952,2213,서울특별시 중랑구 면목로44나길 4,36.95,38.67,36.95,39.34,38.67
953,2214,서울특별시 중랑구 면목로44길 38,37.43,38.85,37.43,39.83,38.85
954,2215,서울특별시 중랑구 겸재로 118,38.75,38.77,38.75,41.31,38.77
955,2216,서울특별시 중랑구 면목천로19길 16,36.97,38.7,36.97,37.69,37.69
956,2217,서울특별시 중랑구 면목로61길 49,36.81,38.54,36.81,39.21,38.54
957,2218,서울특별시 중랑구 면목로65길 62,36.96,37.92,42.27,39.43,39.43
958,2219,서울특별시 중랑구 겸재로40길 33,42.71,40.04,42.71,39.7,42.71
959,2220,서울특별시 중랑구 면목로63길 35,42.18,37.83,42.18,39.34,42.18
960,2221,서울특별시 중랑구 면목로55길 35,42,37.65,42,39.16,42
961,2222,서울특별시 중랑구 면목로53길 52,41.96,37.45,41.96,39.12,41.96
962,2223,서울특별시 중랑구 사가정로39길 53,41.69,37.34,41.69,38.85,41.69
963,2224,서울특별시 중랑구 동일로96길 8,42.1,37.75,42.1,39.26,42.1
964,2225,서울특별시 중랑구 동일로 584,42.03,37.69,42.03,39.19,42.03
965,2227,서울특별시 중랑구 사가정로41길 20,41.54,37.19,41.54,38.7,41.54
966,2228,서울특별시 중랑구 면목로43길 9,42.13,37.78,42.13,39.29,42.13
967,2230,서울특별시 중랑구 겸재로4길 13,38.29,38.29,40.23,40.23,40.23
968,2231,서울특별시 중랑구 동일로95가길 10,44.28,40.69,41.53,41.53,41.53
969,2232,서울특별시 중랑구 동일로91길 6,38.64,39.55,40.57,40.57,40.57
970,2233,서울특별시 중랑구 겸재로2길 43,38.32,38.32,40.25,40.25,40.25
971,2234,서울특별시 중랑구 동일로91길 23,38.56,38.56,40.49,40.49,40.49
972,2235,서울특별시 중랑구 동일로 565,41.07,36.73,41.07,38.23,41.07
973,2236,서울특별시 중랑구 면목천로 35,41.73,37.38,41.73,38.89,41.73
974,2237,서울특별시 중랑구 면목로39길 28,36.49,37.45,41.8,38.96,38.96
975,2238,서울특별시 중랑구 사가정로52길 13,37,37.51,42.1,39.26,39.26
976,2239,서울특별시 중랑구 면목로 303,36.69,37.66,42.01,39.17,39.17
977,2240,서울특별시 중랑구 사가정로46길 70,36.45,37.42,41.77,38.93,38.93
978,2241,서울특별시 중랑구 사가정로42길 77,36.46,37.69,41.78,38.94,38.94
979,2242,서울특별시 중랑구 면목로27길 92,36.52,37.48,41.83,38.99,38.99
980,2243,서울특별시 중랑구 면목로29길 66,36.79,37.75,42.1,39.26,39.26
981,2244,서울특별시 중랑구 면목로31길 7,37.05,38.01,42.36,39.52,39.52
982,2245,서울특별시 중랑구 면목로23길 32,37.25,38.67,36.94,39.42,38.67
983,2246,서울특별시 중랑구 답십리로81길 6,37.49,38.81,37.49,39.96,38.81
984,2247,서울특별시 중랑구 면목로27길 85,36.58,37.54,36.58,39.05,37.54
985,2248,서울특별시 중랑구 동부간선로 670,34.96,36.69,34.96,37.44,36.69
986,2249,서울특별시 중랑구 면목로38나길 30,36.85,37.81,36.85,39.32,37.81
987,2250,서울특별시 중랑구 용마산로 301,37.07,38.04,37.07,39.54,38.04
988,2251,서울특별시 중랑구 면목로40길 54,36.94,37.9,36.94,39.41,37.9
989,2252,서울특별시 중랑구 면목로36길 23,37.03,38,37.03,39.51,38
990,2253,서울특별시 중랑구 면목로 258,37.13,38.85,37.13,39.6,38.85
991,2254,서울특별시 중랑구 면목로 242,37.03,38.75,37.03,39.5,38.75
992,2255,서울특별시 중랑구 답십리로 405,38.04,38.04,38.04,40.72,38.04
993,2256,서울특별시 중랑구 용마산로36길 21,37.42,39.15,37.42,39.9,39.15
994,2257,서울특별시 중랑구 용마산로45길 60,37.27,38.99,37.27,39.74,38.99
995,2258,서울특별시 중랑구 용마산로 288,37.47,38.44,37.47,41.4,38.44
996,2259,서울특별시 중랑구 용마산로58길 19,37.82,39.08,41.29,41.29,41.29
997,2260,서울특별시 중랑구 용마산로62길 51,38.03,39.29,41.49,41.49,41.49
998,2261,서울특별시 중랑구 사가정로72길 47,37.66,38.92,41.13,41.13,41.13
999,2262,서울특별시 중랑구 신내역로 111,40.72,45.12,40.72,40.72,40.72
1000,2263,서울특별시 중랑구 신내역로 174,41.13,46.3,41.13,41.13,41.13
1001,2264,서울특별시 중랑구 양원역로14길 19,40.39,43.06,40.39,40.39,40.39
1002,2400,서울특별시 동대문구 이문로51길 13,35.57,40.5,35.57,35.57,35.57
1003,2403,서울특별시 동대문구 이문로 133,36.22,41.15,36.22,36.22,36.22
1004,2404,서울특별시 동대문구 이문로35길 12,36.08,41.01,36.08,36.08,36.08
1005,2405,서울특별시 동대문구 천장산로 38,36.54,41.44,36.54,36.54,36.54
1006,2406,서울특별시 동대문구 신이문로9길 5,35.91,40.84,35.91,35.91,35.91
1007,2407,서울특별시 동대문구 이문로54길 46,35.73,40.66,35.73,35.73,35.73
1008,2408,서울특별시 동대문구 한천로66길 29,38.91,41.62,38.91,38.91,38.91
1009,2409,서울특별시 동대문구 신이문로 27,36,40.93,36,39.81,39.81
1010,2410,서울특별시 동대문구 신이문로12길 73,42.6,42.03,42.6,42.6,42.6
1011,2411,서울특별시 동대문구 신이문로 16,36.81,41.71,36.81,36.81,36.81
1012,2412,서울특별시 동대문구 이문로 164,36.55,41.45,36.55,36.55,36.55
1013,2413,서울특별시 동대문구 이문로 154,36.49,41.4,36.49,36.49,36.49
1014,2414,서울특별시 동대문구 이문로 148,36.46,41.37,36.46,36.46,36.46
1015,2415,서울특별시 동대문구 이문로38길 60,36.89,37.35,36.89,36.89,36.89
1016,2416,서울특별시 동대문구 휘경로3길 103,39.65,41.01,39.65,39.65,39.65
1017,2417,서울특별시 동대문구 휘경로3길 58,39.58,40.94,39.58,39.58,39.58
1018,2418,서울특별시 동대문구 이문로 128,36.2,41.1,36.2,36.2,36.2
1019,2419,서울특별시 동대문구 이문로 114,36.04,40.95,36.04,36.04,36.04
1020,2420,서울특별시 동대문구 휘경로5길 10,36.35,41.96,36.35,36.35,36.35
1021,2421,서울특별시 동대문구 한천로58길 240,36.71,42.29,36.71,36.71,36.71
1022,2422,서울특별시 동대문구 한천로58길 139,39.84,40.09,39.84,39.84,39.84
1023,2423,서울특별시 동대문구 한천로58길 75,39.86,40.1,39.86,39.86,39.86
1024,2424,서울특별시 동대문구 외대역동로27길 79,42.58,42.01,42.58,42.58,42.58
1025,2425,서울특별시 동대문구 한천로 417,40.18,41.31,40.18,40.18,40.18
1026,2426,서울특별시 동대문구 외대역동로14길 23,39.38,40.74,39.38,39.38,39.38
1027,2427,서울특별시 동대문구 휘경로17길 13,39.2,40.56,39.2,39.2,39.2
1028,2428,서울특별시 동대문구 외대역동로14길 24,39.37,40.73,39.37,39.37,39.37
1029,2429,서울특별시 동대문구 한천로55길 9,40.47,40.24,40.47,40.47,40.47
1030,2431,서울특별시 동대문구 휘경로14길 16,39.31,40.67,39.31,39.31,39.31
1031,2432,서울특별시 동대문구 외대역동로 67,39.36,40.73,39.36,39.36,39.36
1032,2434,서울특별시 동대문구 휘경로 78,39.45,40.81,39.45,39.45,39.45
1033,2435,서울특별시 동대문구 망우로 141,38.73,40.09,38.73,38.73,38.73
1034,2436,서울특별시 동대문구 망우로 101,38.94,40.3,38.94,38.94,38.94
1035,2437,서울특별시 동대문구 외대역동로1길 12,39.21,40.57,39.21,39.21,39.21
1036,2438,서울특별시 동대문구 망우로21길 52,39.32,40.68,39.32,39.32,39.32
1037,2439,서울특별시 동대문구 망우로21길 29,39.19,40.55,39.19,39.19,39.19
1038,2440,서울특별시 동대문구 이문로 98,36.14,36.35,35.89,35.89,36.14
1039,2441,서울특별시 동대문구 휘경로10길 16,36.4,36.6,36.15,36.15,36.4
1040,2442,서울특별시 동대문구 이문로 72,36.06,36.27,35.82,35.82,36.06
1041,2443,서울특별시 동대문구 이문로12길 20,35.97,36.17,35.72,35.72,35.97
1042,2444,서울특별시 동대문구 이문로8길 38,35.64,41.56,35.64,35.64,35.64
1043,2445,서울특별시 동대문구 회기로31가길 34,35.63,36.09,35.63,35.63,35.63
1044,2446,서울특별시 동대문구 망우로 5,39.92,41.29,39.92,39.92,39.92
1045,2447,서울특별시 동대문구 경희대로 26,35.37,36.57,35.33,35.33,35.37
1046,2448,서울특별시 동대문구 천장산로9가길 21,37.02,41.72,36.78,36.78,37.02
1047,2449,서울특별시 동대문구 천장산로7길 29,36.81,41.5,36.56,36.56,36.81
1048,2450,서울특별시 동대문구 이문로 97,39.7,41.01,39.61,39.61,39.7
1049,2451,서울특별시 동대문구 이문로21길 11,39.8,41.11,39.7,39.7,39.8
1050,2452,서울특별시 동대문구 이문로 53,40.17,40.72,35.77,35.77,40.17
1051,2453,서울특별시 동대문구 회기로23가길 42,35.42,40.63,35.17,35.17,35.42
1052,2454,서울특별시 동대문구 경희대로1가길 8,34.99,39.82,34.74,34.74,34.99
1053,2455,서울특별시 동대문구 회기로5길 100,33.41,38.24,33.41,33.41,33.41
1054,2456,서울특별시 동대문구 홍릉로 118,34.93,35.51,34.93,34.93,34.93
1055,2457,서울특별시 동대문구 회기로 90,34.77,39.59,34.52,34.56,34.77
1056,2458,서울특별시 동대문구 회기로10길 63,35.01,35.47,34.76,34.76,35.01
1057,2459,서울특별시 동대문구 회기로12가길 33,35.08,39.87,34.83,34.83,35.08
1058,2460,서울특별시 동대문구 이문로3길 24,35.28,36.13,35.03,35.03,35.28
1059,2461,서울특별시 동대문구 왕산로 303,35.96,41.35,35.72,35.72,35.96
1060,2462,서울특별시 동대문구 제기로33길 27,35.32,37,35.11,35.11,35.32
1061,2463,서울특별시 동대문구 제기로 129,34.94,35.47,34.94,34.94,34.94
1062,2464,서울특별시 동대문구 홍릉로24길 32,34.7,35.2,34.46,34.46,34.7
1063,2465,서울특별시 동대문구 회기로2길 20,33.54,35.18,33.54,33.49,33.54
1064,2466,서울특별시 동대문구 고산자로58길 60,33.95,35.38,33.99,33.95,33.99
1065,2467,서울특별시 동대문구 고산자로54길 91,34.11,31.03,34.11,34.16,34.11
1066,2468,서울특별시 동대문구 회기로 32,33.92,35.35,33.92,33.92,33.92
1067,2469,서울특별시 동대문구 홍릉로 111,34.28,35.68,34.24,34.24,34.28
1068,2470,서울특별시 동대문구 제기로 85,34.71,34.94,34.36,34.36,34.71
1069,2471,서울특별시 동대문구 제기로15길 11,34.94,34.7,34.62,34.66,34.7
1070,2472,서울특별시 동대문구 제기로 39,33.91,34.6,33.87,33.87,33.91
1071,2473,서울특별시 동대문구 안암로22길 22,34.98,35.29,33.88,34.98,34.98
1072,2474,서울특별시 동대문구 안암로 118,35.91,35.2,35.03,35.03,35.2
1073,2475,서울특별시 동대문구 제기로4나길 31,35.1,34.6,34.87,34.87,34.87
1074,2476,서울특별시 동대문구 제기로4다길 7,36.31,34.8,35.44,35.44,35.44
1075,2477,서울특별시 동대문구 안암로 84,35.63,34.93,34.76,34.76,34.93
1076,2478,서울특별시 동대문구 약령동길 125,34.29,34.23,34.29,34.29,34.29
1077,2479,서울특별시 동대문구 약령시로13길 16,35.21,34.53,34.54,34.54,34.54
1078,2480,서울특별시 동대문구 홍릉로17길 15,34.34,34.87,34.34,34.34,34.34
1079,2481,서울특별시 동대문구 약령시로17길 35,34.16,34.64,34.56,34.56,34.56
1080,2482,서울특별시 동대문구 약령시로 113,34.93,34.43,34.7,34.7,34.7
1081,2483,서울특별시 동대문구 약령시로17길 48,35.7,35.11,34.57,34.57,35.11
1082,2484,서울특별시 동대문구 홍릉로 58,35.67,35.17,34.78,34.78,35.17
1083,2485,서울특별시 동대문구 홍릉로10길 48,35.75,35.21,34.68,34.68,35.21
1084,2486,서울특별시 동대문구 약령시로21길 15,35.23,34.73,35,35,35
1085,2487,서울특별시 동대문구 왕산로45길 66,35.97,35.38,34.84,34.84,35.38
1086,2488,서울특별시 동대문구 왕산로49길 30,35.34,35.49,34.96,34.96,35.34
1087,2489,서울특별시 동대문구 약령시로 147,35.33,34.83,35.1,35.1,35.1
1088,2490,서울특별시 동대문구 왕산로 205,35.76,35.26,35.53,35.53,35.53
1089,2491,서울특별시 동대문구 왕산로 294,35.16,35.12,35.16,35.22,35.16
1090,2492,서울특별시 동대문구 전농로36길 6,35.04,35.95,35.04,38.57,35.95
1091,2493,서울특별시 동대문구 서울시립대로29길 48,35.43,35.92,35.43,38.96,35.92
1092,2494,서울특별시 동대문구 망우로6길 15,35.37,35.73,35.37,35.83,35.73
1093,2495,서울특별시 동대문구 망우로10가길 14,36.3,35.79,36.3,33.13,36.3
1094,2496,서울특별시 동대문구 망우로14길 6,35.99,35.96,35.99,36.06,35.99
1095,2497,서울특별시 동대문구 망우로14가길 71,36.34,36.31,36.34,36.41,36.34
1096,2498,서울특별시 동대문구 망우로18다길 31,39.33,40.6,39.33,42.86,40.6
1097,2499,서울특별시 동대문구 망우로16길 31,39,36.13,39,42.52,39
1098,2500,서울특별시 동대문구 망우로 82,39.27,40.24,39.27,42.8,40.24
1099,2501,서울특별시 동대문구 망우로20가길 19,38.92,36.52,38.92,42.44,38.92
1100,2502,서울특별시 동대문구 한천로 329,39.6,41.33,39.6,41.24,41.24
1101,2503,서울특별시 동대문구 한천로 235,35.48,37.2,35.48,39,37.2
1102,2504,서울특별시 동대문구 서울시립대로 163,35.39,35.93,35.39,38.91,35.93
1103,2505,서울특별시 동대문구 서울시립대로 164,34.9,35.44,34.9,38.42,35.44
1104,2506,서울특별시 동대문구 전농로16길 3,34.1,35.83,34.1,37.63,35.83
1105,2507,서울특별시 동대문구 사가정로17길 21,34.56,36.05,34.56,38.08,36.05
1106,2508,서울특별시 동대문구 전농로16길 97,34.56,38.4,34.56,38.09,38.09
1107,2509,서울특별시 동대문구 한천로 205,35.02,38.03,35.02,38.55,38.03
1108,2510,서울특별시 동대문구 한천로 326,39.03,40.75,39.03,42.55,40.75
1109,2511,서울특별시 동대문구 한천로 264,37.99,40.58,37.99,41.51,40.58
1110,2512,서울특별시 동대문구 한천로 242,35.31,38.32,35.31,38.84,38.32
1111,2513,서울특별시 동대문구 장안벚꽃로7길 25,36.16,38.07,40.83,40.83,40.83
1112,2514,서울특별시 동대문구 한천로46길 62,37.46,39.19,37.46,40.99,39.19
1113,2515,서울특별시 동대문구 사가정로27길 4,37.27,38.23,37.27,40.8,38.23
1114,2516,서울특별시 동대문구 사가정로23가길 7,37.47,38.44,37.47,41,38.44
1115,2517,서울특별시 동대문구 한천로 224,35.21,38.22,35.21,38.74,38.22
1116,2518,서울특별시 동대문구 한천로42길 15,37.48,38.44,37.48,41.01,38.44
1117,2519,서울특별시 동대문구 사가정로 276,38.52,37.32,38.52,40.67,38.52
1118,2520,서울특별시 동대문구 장안벚꽃로 205,36.85,36.22,36.85,40.38,36.85
1119,2521,서울특별시 동대문구 중랑천서자전거길 688,37.27,45.53,40.49,40.49,40.49
1120,2522,서울특별시 동대문구 답십리로69길 87,37.76,38.72,37.76,38.53,38.53
1121,2523,서울특별시 동대문구 답십리로69길 11,37.35,39.08,37.35,38.12,38.12
1122,2524,서울특별시 동대문구 답십리로 315,36.07,37.05,36.07,36.83,36.83
1123,2525,서울특별시 동대문구 답십리로63길 99,35.17,36.9,35.17,35.94,35.94
1124,2526,서울특별시 동대문구 사가정로 238,35.18,36.91,35.18,35.95,35.95
1125,2527,서울특별시 동대문구 장한로27가길 53,37.87,38.3,37.87,38.63,38.3
1126,2528,서울특별시 동대문구 답십리로65길 22,34.86,37.02,34.86,35.63,35.63
1127,2529,서울특별시 동대문구 한천로32길 32,34.99,37.21,34.99,35.76,35.76
1128,2530,서울특별시 동대문구 장한로27길 11,37.7,38.09,37.7,37.13,37.7
1129,2531,서울특별시 동대문구 전농로 116,34.2,35.93,34.2,37.73,35.93
1130,2532,서울특별시 동대문구 사가정로 162,34.4,36.12,34.4,37.93,36.12
1131,2533,서울특별시 동대문구 사가정로20길 46,35.28,37,35.28,38.8,37
1132,2534,서울특별시 동대문구 한천로 169,34.93,37.66,34.93,38.45,37.66
1133,2535,서울특별시 동대문구 한천로33길 15,34.93,37.66,34.93,38.45,37.66
1134,2536,서울특별시 동대문구 답십리로57길 53,34.46,35.45,34.46,37.98,35.45
1135,2537,서울특별시 동대문구 답십리로53길 12,34.21,35.93,34.21,37.73,35.93
1136,2538,서울특별시 동대문구 전농로 102,33.87,35.59,33.87,37.39,35.59
1137,2539,서울특별시 동대문구 사가정로 98,33.79,34.76,33.79,37.32,34.76
1138,2540,서울특별시 동대문구 전농로 91,33.75,35.48,33.75,37.28,35.48
1139,2541,서울특별시 동대문구 사가정로 80,33.73,34.69,33.73,37.26,34.69
1140,2542,서울특별시 동대문구 답십리로41길 7,33.58,34.55,33.58,37.11,34.55
1141,2543,서울특별시 동대문구 답십리로23다길 4,34.56,35.52,34.56,38.09,35.52
1142,2544,서울특별시 동대문구 전농로25길 17,35.1,35.65,35.1,38.62,35.65
1143,2545,서울특별시 동대문구 전농로 171,35.23,35.77,35.23,38.75,35.77
1144,2546,서울특별시 동대문구 전농로15길 22,34.3,35.26,34.3,37.82,35.26
1145,2547,서울특별시 동대문구 전농로 143,35.49,36.04,35.49,39.02,36.04
1146,2548,서울특별시 동대문구 서울시립대로12길 99,33.75,34.72,33.75,37.28,34.72
1147,2549,서울특별시 동대문구 서울시립대로16길 45,34.11,35.16,34.11,37.64,35.16
1148,2550,서울특별시 동대문구 답십리로23나길 9,34.58,36.1,34.58,38.11,36.1
1149,2551,서울특별시 동대문구 서울시립대로12길 20,34.05,35.86,34.05,37.58,35.86
1150,2552,서울특별시 동대문구 답십리로 77,33.57,35.29,33.57,37.09,35.29
1151,2553,서울특별시 동대문구 사가정로 65,34.1,35.83,34.1,37.63,35.83
1152,2554,서울특별시 동대문구 왕산로 222,34.89,36.15,38.42,38.42,38.42
1153,2555,서울특별시 동대문구 왕산로 210,34.75,34.31,35.32,35.32,35.32
1154,2556,서울특별시 동대문구 전농로 217,34.74,35.34,35.46,35.46,35.46
1155,2557,서울특별시 동대문구 서울시립대로21길 6,35.12,35.53,35.65,35.65,35.65
1156,2558,서울특별시 동대문구 답십리로 55,33.84,34.81,37.37,37.37,37.37
1157,2559,서울특별시 동대문구 왕산로40길 9,34.66,34.22,35.23,35.23,35.23
1158,2560,서울특별시 동대문구 왕산로30길 29,34.45,33.73,37.98,37.98,37.98
1159,2561,서울특별시 동대문구 천호대로35길 77,33.98,34.95,37.51,37.51,37.51
1160,2562,서울특별시 동대문구 천호대로39길 57,33.98,34.95,33.98,37.51,34.95
1161,2563,서울특별시 동대문구 천호대로37길 35,33.8,34.25,33.8,37.33,34.25
1162,2564,서울특별시 동대문구 천호대로31길 38,33.93,33.61,33.93,37.46,33.93
1163,2565,서울특별시 동대문구 천호대로 145,33.86,33.36,33.86,37.39,33.86
1164,2566,서울특별시 동대문구 고산자로 397,33.9,33.4,33.9,37.42,33.9
1165,2567,서울특별시 동대문구 왕산로26길 49,34.12,33.63,34.12,37.65,34.12
1166,2568,서울특별시 동대문구 정릉천동로 83,34.76,34.03,34.94,34.94,34.94
1167,2569,서울특별시 동대문구 약령중앙로 21,34.48,33.98,35.32,35.32,35.32
1168,2570,서울특별시 동대문구 약령중앙로 42,34.55,31.79,34.55,34.55,34.55
1169,2571,서울특별시 동대문구 약령시로14길 23,33.18,34.12,34.5,34.5,34.5
1170,2572,서울특별시 동대문구 홍릉로1길 47,34.47,36.2,34.47,38,36.2
1171,2573,서울특별시 동대문구 경동시장로10길 45,34.04,34.97,35.18,35.18,35.18
1172,2574,서울특별시 동대문구 약령시로2길 39,33.77,34.67,34.95,34.95,34.95
1173,2575,서울특별시 동대문구 약령시로 38,33.59,34.47,34.74,34.74,34.74
1174,2576,서울특별시 동대문구 왕산로 95,32.99,33.93,34.43,35.26,34.43
1175,2577,서울특별시 동대문구 왕산로19가길 40,33.77,34.27,35.65,35.92,35.65
1176,2578,서울특별시 동대문구 안암로14길 25,28.13,34.74,34.82,34.82,34.82
1177,2579,서울특별시 동대문구 한빛로 40,27.99,34.55,35.26,35.26,35.26
1178,2580,서울특별시 동대문구 왕산로7가길 15,35.7,35.2,36.01,36.01,36.01
1179,2581,서울특별시 동대문구 한빛로 23,28.16,34.71,35.42,35.42,35.42
1180,2582,서울특별시 동대문구 왕산로 18,27.57,28.02,27.57,28.52,28.02
1181,2583,서울특별시 동대문구 천호대로 57,32.7,34.09,37.08,37.08,37.08
1182,2584,서울특별시 동대문구 무학로 134,32.93,34.32,37.31,37.31,37.31
1183,2585,서울특별시 동대문구 왕산로22길 16,34.62,34.08,34.62,37.53,34.62
1184,2586,서울특별시 동대문구 난계로 230,27.34,33.41,27.34,37.28,33.41
1185,2587,서울특별시 동대문구 청계천로7길 5,32.83,34.06,36.83,36.83,36.83
1186,2588,서울특별시 동대문구 천호대로 68,32.6,33.99,36.98,36.98,36.98
1187,2589,서울특별시 동대문구 무학로 100,32.52,33.91,36.9,36.9,36.9
1188,2590,서울특별시 동대문구 천호대로 124,34.28,34.73,36.71,36.71,36.71
1189,2591,서울특별시 동대문구 황물로 8,34.12,34.32,34.12,37.65,34.32
1190,2592,서울특별시 동대문구 황물로 30,33.98,35.7,33.98,37.5,35.7
1191,2593,서울특별시 동대문구 황물로 56,33.62,35.35,33.62,37.15,35.35
1192,2594,서울특별시 동대문구 답십리로30가길 7,33.45,35.17,33.45,36.13,35.17
1193,2595,서울특별시 동대문구 서울시립대로2길 59,33.21,34.18,33.21,35.9,34.18
1194,2596,서울특별시 동대문구 답십리로40길 14,33.28,34.25,33.28,35.97,34.25
1195,2597,서울특별시 동대문구 천호대로65길 17,33.3,34.26,33.3,35.98,34.26
1196,2598,서울특별시 동대문구 답십리로 136,33.74,34.71,33.74,34.34,34.34
1197,2599,서울특별시 동대문구 전농로 79,33.82,34.78,33.82,34.42,34.42
1198,2600,서울특별시 동대문구 전농로3가길 12,34.17,35.14,34.17,34.77,34.77
1199,2601,서울특별시 동대문구 사가정로 30,33.14,34.1,33.14,35.82,34.1
