우편번호,주소,도로거리(km),최단거리(km),최장거리(km)
25627,강원특별자치도 강릉시 단경로 36,231.91,105.32,321.83
25630,강원특별자치도 강릉시 오이동길 45,239.34,105.32,321.83
25620,강원특별자치도 강릉시 시동서당길 98,232.69,105.32,321.83
25632,강원특별자치도 강릉시 헌화로 670,252.12,105.32,321.83
25626,강원특별자치도 강릉시 율곡로 1901,233.7,105.32,321.83
25628,강원특별자치도 강릉시 단경로 352,233.62,105.32,321.83
25629,강원특별자치도 강릉시 임곡로 490,236.67,105.32,321.83
25631,강원특별자치도 강릉시 정동역길 12,242.03,105.32,321.83
25618,강원특별자치도 강릉시 풍호길 301,231.8,105.32,321.83
25468,강원특별자치도 강릉시 해안로 321,231.32,105.32,321.83
25460,강원특별자치도 강릉시 해안로406번길 13,235.31,105.32,321.83
25556,강원특별자치도 강릉시 창해로 245,229.15,105.32,321.83
25467,강원특별자치도 강릉시 창해로 363,231.41,105.32,321.83
25466,강원특별자치도 강릉시 해안로 333,231.24,105.32,321.83
25557,강원특별자치도 강릉시 해안로 217,228.94,105.32,321.83
25560,강원특별자치도 강릉시 경강로 2573,231.47,105.32,321.83
25561,강원특별자치도 강릉시 성덕로 12,229.72,105.32,321.83
25559,강원특별자치도 강릉시 경강로2539번길 13,229.17,105.32,321.83
25495,강원특별자치도 강릉시 가작로 78,225.2,105.32,321.83
25494,강원특별자치도 강릉시 가작로 85,225.31,105.32,321.83
25497,강원특별자치도 강릉시 화부산로99번길 12,225.04,105.32,321.83
25502,강원특별자치도 강릉시 화부산로40번길 29,224.71,105.32,321.83
25489,강원특별자치도 강릉시 가작로 240,226.67,105.32,321.83
25551,강원특별자치도 강릉시 옥천로71번길 18,225.09,105.32,321.83
25490,강원특별자치도 강릉시 율곡로2988번길 8,225.7,105.32,321.83
25491,강원특별자치도 강릉시 율곡로 2912,225.28,105.32,321.83
25498,강원특별자치도 강릉시 화부산로99번길 8,224.98,105.32,321.83
25475,강원특별자치도 강릉시 종합운동장길 92,226.15,105.32,321.83
25501,강원특별자치도 강릉시 화부산로 29,225.05,105.32,321.83
25514,강원특별자치도 강릉시 교동광장로 138,224.5,105.32,321.83
25504,강원특별자치도 강릉시 강릉대로 177,224.53,105.32,321.83
25499,강원특별자치도 강릉시 화부산로 89,225.02,105.32,321.83
25509,강원특별자치도 강릉시 솔올로 90,225.78,105.32,321.83
25474,강원특별자치도 강릉시 종합운동장길 72,226.62,105.32,321.83
25517,강원특별자치도 강릉시 하슬라로 114,223.54,105.32,321.83
25503,강원특별자치도 강릉시 강릉대로 203,224.71,105.32,321.83
25493,강원특별자치도 강릉시 가작로113번길 5,225.51,105.32,321.83
25473,강원특별자치도 강릉시 수리골길 65,227.03,105.32,321.83
25507,강원특별자치도 강릉시 하슬라로 223,225.47,105.32,321.83
25516,강원특별자치도 강릉시 정원로 74,225.23,105.32,321.83
25506,강원특별자치도 강릉시 강릉대로 145,224.3,105.32,321.83
25472,강원특별자치도 강릉시 수리골길 76,227.08,105.32,321.83
25527,강원특별자치도 강릉시 명주로77번길 11,223.84,105.32,321.83
25518,강원특별자치도 강릉시 하슬라로20번길 14,223.89,105.32,321.83
25476,강원특별자치도 강릉시 수리골길17번길 21,226.46,105.32,321.83
25505,강원특별자치도 강릉시 화부산로 28,224.35,105.32,321.83
25515,강원특별자치도 강릉시 정원로 48,224.6,105.32,321.83
25500,강원특별자치도 강릉시 교동광장로 163,224.53,105.32,321.83
25508,강원특별자치도 강릉시 하슬라로232번길 21,225.75,105.32,321.83
25513,강원특별자치도 강릉시 율곡초교길43번길 8,225.62,105.32,321.83
25528,강원특별자치도 강릉시 강릉대로160번길 11,224.15,105.32,321.83
25530,강원특별자치도 강릉시 강릉대로204번길 12,224.69,105.32,321.83
25496,강원특별자치도 강릉시 율곡로2987번길 2,226.03,105.32,321.83
25510,강원특별자치도 강릉시 율곡초교길 3,225.7,105.32,321.83
25511,강원특별자치도 강릉시 하슬라로206번길 16,225.44,105.32,321.83
25512,강원특별자치도 강릉시 교동광장로100번길 17,225.32,105.32,321.83
25529,강원특별자치도 강릉시 강릉대로194번길 2,224.39,105.32,321.83
25526,강원특별자치도 강릉시 강릉대로 110,223.53,105.32,321.83
25488,강원특별자치도 강릉시 가작로252번길 21,226.33,105.32,321.83
25531,강원특별자치도 강릉시 율곡로 2857,224.82,105.32,321.83
25465,강원특별자치도 강릉시 경포로 109,226.16,105.32,321.83
25622,강원특별자치도 강릉시 청파로 6,226.98,105.32,321.83
25624,강원특별자치도 강릉시 하금광길 84,230.14,105.32,321.83
25623,강원특별자치도 강릉시 범일로 93,228.6,105.32,321.83
25625,강원특별자치도 강릉시 신석길102번길 233,231.65,105.32,321.83
25621,강원특별자치도 강릉시 칠봉로 517,225.85,105.32,321.83
25539,강원특별자치도 강릉시 신대학길 22,224.63,105.32,321.83
25540,강원특별자치도 강릉시 신대학길 27,224.41,105.32,321.83
25543,강원특별자치도 강릉시 금성로 13,225.45,105.32,321.83
25541,강원특별자치도 강릉시 금성로12번길 6,224.71,105.32,321.83
25464,강원특별자치도 강릉시 난곡길 7,227.28,105.32,321.83
25463,강원특별자치도 강릉시 난곡행정길49번길 2,232.81,105.32,321.83
25462,강원특별자치도 강릉시 저동등길 61,232.63,105.32,321.83
25538,강원특별자치도 강릉시 경강로2046번길 11,224.06,105.32,321.83
25535,강원특별자치도 강릉시 명주로17번길 17,224.15,105.32,321.83
25537,강원특별자치도 강릉시 홍제로 15,223.51,105.32,321.83
25617,강원특별자치도 강릉시 공항길127번길 42,231.58,105.32,321.83
25604,강원특별자치도 강릉시 남부로18번길 19,223.79,105.32,321.83
25602,강원특별자치도 강릉시 관솔길 85,223.02,105.32,321.83
25601,강원특별자치도 강릉시 범일로579번길 7,223.93,105.32,321.83
25603,강원특별자치도 강릉시 강변로 99,222.86,105.32,321.83
25585,강원특별자치도 강릉시 강변로 145,224.52,105.32,321.83
25595,강원특별자치도 강릉시 남부로125번길 26,224.91,105.32,321.83
25597,강원특별자치도 강릉시 남산초교길12번길 11,224.59,105.32,321.83
25596,강원특별자치도 강릉시 남산초교길 43,224.93,105.32,321.83
25588,강원특별자치도 강릉시 강변로312번길 24,225.03,105.32,321.83
25592,강원특별자치도 강릉시 노암길 40,225.01,105.32,321.83
25594,강원특별자치도 강릉시 임영로26번길 10,225.41,105.32,321.83
25584,강원특별자치도 강릉시 율곡로 2750,225.36,105.32,321.83
25611,강원특별자치도 강릉시 노암등길 71,225.99,105.32,321.83
25589,강원특별자치도 강릉시 율곡로 2733,225.57,105.32,321.83
25590,강원특별자치도 강릉시 율곡로 2705,226.9,105.32,321.83
25587,강원특별자치도 강릉시 노암길41번길 14,225.26,105.32,321.83
25610,강원특별자치도 강릉시 노암등길 76,225.51,105.32,321.83
25586,강원특별자치도 강릉시 단오장길 1,224.31,105.32,321.83
25612,강원특별자치도 강릉시 유산로25번길 84,226.59,105.32,321.83
25605,강원특별자치도 강릉시 진재골길29번길 89,225.46,105.32,321.83
25591,강원특별자치도 강릉시 노가니남길 25,225.95,105.32,321.83
25593,강원특별자치도 강릉시 임영로 46,225.45,105.32,321.83
25607,강원특별자치도 강릉시 모산로111번길 15,230.25,105.32,321.83
25453,강원특별자치도 강릉시 한밭골길 76,230.86,105.32,321.83
25452,강원특별자치도 강릉시 과학단지로21번길 1,230.12,105.32,321.83
25451,강원특별자치도 강릉시 과학단지로 24,230.07,105.32,321.83
25440,강원특별자치도 강릉시 과학단지로 106,229.25,105.32,321.83
25573,강원특별자치도 강릉시 강변로534번길 58,229.29,105.32,321.83
25575,강원특별자치도 강릉시 강변로648번길 39,230.07,105.32,321.83
25534,강원특별자치도 강릉시 명주로 6,223.88,105.32,321.83
25608,강원특별자치도 강릉시 박월길 124,231.44,105.32,321.83
25606,강원특별자치도 강릉시 모산로224번길 39,226.55,105.32,321.83
25574,강원특별자치도 강릉시 성덕로 146,229.97,105.32,321.83
25437,강원특별자치도 강릉시 샛돌3길 25,228.09,105.32,321.83
25439,강원특별자치도 강릉시 송암골길 102,224.93,105.32,321.83
25436,강원특별자치도 강릉시 본동길 170,228.41,105.32,321.83
25438,강원특별자치도 강릉시 중앙서로 694,233.13,105.32,321.83
25435,강원특별자치도 강릉시 해안로 1044,229.66,105.32,321.83
25441,강원특별자치도 강릉시 산대월길 302,230.97,105.32,321.83
25459,강원특별자치도 강릉시 해안로 725,231,105.32,321.83
25434,강원특별자치도 강릉시 석교양지길 36,227.17,105.32,321.83
25542,강원특별자치도 강릉시 중앙시장2길 59,224.93,105.32,321.83
25544,강원특별자치도 강릉시 금성로45번길 12,224.72,105.32,321.83
25555,강원특별자치도 강릉시 율곡로 2792,225.11,105.32,321.83
25533,강원특별자치도 강릉시 경강로 2063,224.12,105.32,321.83
25448,강원특별자치도 강릉시 괴일길 171,226.96,105.32,321.83
25450,강원특별자치도 강릉시 경강로 1237,223.79,105.32,321.83
25445,강원특별자치도 강릉시 칠봉로 16,223.12,105.32,321.83
25449,강원특별자치도 강릉시 소목길 18,219.54,105.32,321.83
25521,강원특별자치도 강릉시 공제로359번길 68,221.61,105.32,321.83
25442,강원특별자치도 강릉시 보광본길 16,228.47,105.32,321.83
25446,강원특별자치도 강릉시 송암골길 48,224.4,105.32,321.83
25443,강원특별자치도 강릉시 부동길 1,227.09,105.32,321.83
25444,강원특별자치도 강릉시 경강로 1158,224.77,105.32,321.83
25447,강원특별자치도 강릉시 위촌길 274,221.56,105.32,321.83
25558,강원특별자치도 강릉시 해안로 93,229.28,105.32,321.83
25563,강원특별자치도 강릉시 남강초교2길 44,228.24,105.32,321.83
25562,강원특별자치도 강릉시 경강로 2473,228.93,105.32,321.83
25469,강원특별자치도 강릉시 산양큰길 79,228.25,105.32,321.83
25613,강원특별자치도 강릉시 신석길 69,228.68,105.32,321.83
25609,강원특별자치도 강릉시 신석길127번길 12,232.05,105.32,321.83
25461,강원특별자치도 강릉시 경포로475번길 23,234.23,105.32,321.83
25431,강원특별자치도 강릉시 남평길 1,227.11,105.32,321.83
25428,강원특별자치도 강릉시 진고개로 2642,228.83,105.32,321.83
25429,강원특별자치도 강릉시 연주로 163,228.84,105.32,321.83
25400,강원특별자치도 강릉시 진고개로 1563,239.85,105.32,321.83
25432,강원특별자치도 강릉시 초시길 229,232.6,105.32,321.83
25430,강원특별자치도 강릉시 영진2길 12,228.81,105.32,321.83
25433,강원특별자치도 강릉시 유등길 67,236.24,105.32,321.83
25427,강원특별자치도 강릉시 백운동길 143,236.72,105.32,321.83
25426,강원특별자치도 강릉시 퇴곡2길 22,237.94,105.32,321.83
25633,강원특별자치도 강릉시 헌화로 64,245.91,105.32,321.83
25638,강원특별자치도 강릉시 풍동로 240,247.76,105.32,321.83
25646,강원특별자치도 강릉시 남양1길 8,250.3,105.32,321.83
25635,강원특별자치도 강릉시 도직길 7,248.19,105.32,321.83
25637,강원특별자치도 강릉시 풍동로 638,251.58,105.32,321.83
25645,강원특별자치도 강릉시 석화동굴길 244,258.09,105.32,321.83
25636,강원특별자치도 강릉시 생골길 65,246.21,105.32,321.83
25634,강원특별자치도 강릉시 금진솔밭길 104,246.71,105.32,321.83
25554,강원특별자치도 강릉시 율곡로 2816,225.36,105.32,321.83
25552,강원특별자치도 강릉시 경강로 2179,225.84,105.32,321.83
25553,강원특별자치도 강릉시 옥천로8번길 4,225.77,105.32,321.83
25550,강원특별자치도 강릉시 중기1길 3,225.57,105.32,321.83
25549,강원특별자치도 강릉시 중기3길 3,225.7,105.32,321.83
25644,강원특별자치도 강릉시 왕산로 14,247.73,105.32,321.83
25642,강원특별자치도 강릉시 노추산로 1503,219.31,105.32,321.83
25639,강원특별자치도 강릉시 석우동길 59,231.92,105.32,321.83
25640,강원특별자치도 강릉시 백두대간로 1375,235.55,105.32,321.83
25643,강원특별자치도 강릉시 백두대간로 633,242.06,105.32,321.83
25641,강원특별자치도 강릉시 왕산로 2328,230.79,105.32,321.83
25614,강원특별자치도 강릉시 독송길110번길 34,230.46,105.32,321.83
25619,강원특별자치도 강릉시 월호평길 88,229.77,105.32,321.83
25458,강원특별자치도 강릉시 선수촌로 92,223.07,105.32,321.83
25456,강원특별자치도 강릉시 유죽길 11,223.81,105.32,321.83
25457,강원특별자치도 강릉시 동해대로 3097,225.33,105.32,321.83
25532,강원특별자치도 강릉시 문화의길 12,224.59,105.32,321.83
25577,강원특별자치도 강릉시 성덕로 264,229.59,105.32,321.83
25583,강원특별자치도 강릉시 입암로 45,227.64,105.32,321.83
25580,강원특별자치도 강릉시 용지로 24,227.61,105.32,321.83
25615,강원특별자치도 강릉시 입암로148번길 38,228.14,105.32,321.83
25576,강원특별자치도 강릉시 성덕포남로 80,228.64,105.32,321.83
25582,강원특별자치도 강릉시 용지로 23,227.53,105.32,321.83
25578,강원특별자치도 강릉시 강변로 427,227.21,105.32,321.83
25581,강원특별자치도 강릉시 강중길 53,225.99,105.32,321.83
25616,강원특별자치도 강릉시 성덕로 316,228.11,105.32,321.83
25579,강원특별자치도 강릉시 입암로 147,228.47,105.32,321.83
25420,강원특별자치도 강릉시 신리대동길 31,230.81,105.32,321.83
25418,강원특별자치도 강릉시 장성중길 7,232.1,105.32,321.83
25424,강원특별자치도 강릉시 신리2길 4,231.61,105.32,321.83
25423,강원특별자치도 강릉시 연주로 275,230.07,105.32,321.83
25419,강원특별자치도 강릉시 주문로 44,231.99,105.32,321.83
25422,강원특별자치도 강릉시 보리골길 26,230.33,105.32,321.83
25415,강원특별자치도 강릉시 아래사다리길 38,232.03,105.32,321.83
25413,강원특별자치도 강릉시 구시장길 4,232.28,105.32,321.83
25417,강원특별자치도 강릉시 웃사다리1길 16,231.61,105.32,321.83
25416,강원특별자치도 강릉시 신리천로 117,230.88,105.32,321.83
25421,강원특별자치도 강릉시 금용길 116,232.07,105.32,321.83
25425,강원특별자치도 강릉시 연주로 270,230.3,105.32,321.83
25414,강원특별자치도 강릉시 연주로 428,232.02,105.32,321.83
25405,강원특별자치도 강릉시 용소마을길 81,233.08,105.32,321.83
25401,강원특별자치도 강릉시 신리천로 1181,241.55,105.32,321.83
25402,강원특별자치도 강릉시 금용길 169,232.93,105.32,321.83
25411,강원특별자치도 강릉시 해안로 1822,233.22,105.32,321.83
25404,강원특별자치도 강릉시 소돌안길 19,235.7,105.32,321.83
25409,강원특별자치도 강릉시 약수동길 4,233.47,105.32,321.83
25410,강원특별자치도 강릉시 주문로 111,232.56,105.32,321.83
25408,강원특별자치도 강릉시 해안로 1907,236.71,105.32,321.83
25407,강원특별자치도 강릉시 소돌길 42,236.46,105.32,321.83
25412,강원특별자치도 강릉시 해안로 1791,232.93,105.32,321.83
25406,강원특별자치도 강릉시 주문북로 147,235.8,105.32,321.83
25403,강원특별자치도 강릉시 향호길 30,236.41,105.32,321.83
25454,강원특별자치도 강릉시 동해대로3305번길 13,227.31,105.32,321.83
25455,강원특별자치도 강릉시 죽헌길85번길 55,226.83,105.32,321.83
25470,강원특별자치도 강릉시 연당길 89,230.88,105.32,321.83
25471,강원특별자치도 강릉시 난설헌로 149,231.99,105.32,321.83
25568,강원특별자치도 강릉시 성덕포남로168번길 41,227.32,105.32,321.83
25565,강원특별자치도 강릉시 하평6길 53,227.42,105.32,321.83
25478,강원특별자치도 강릉시 보래미길 37,227.1,105.32,321.83
25481,강원특별자치도 강릉시 산양길26번길 18,228.76,105.32,321.83
25545,강원특별자치도 강릉시 경강로2255번길 25,226.19,105.32,321.83
25572,강원특별자치도 강릉시 하평길 5,226.49,105.32,321.83
25487,강원특별자치도 강릉시 성덕포남로206번길 6,226.48,105.32,321.83
25492,강원특별자치도 강릉시 강릉대로 351,226.06,105.32,321.83
25564,강원특별자치도 강릉시 강변북길 201,227.56,105.32,321.83
25571,강원특별자치도 강릉시 경강로2291번길 13,226.69,105.32,321.83
25546,강원특별자치도 강릉시 경강로 2271,226.87,105.32,321.83
25570,강원특별자치도 강릉시 경강로2326번길 10,227.43,105.32,321.83
25477,강원특별자치도 강릉시 가작로 257,226.47,105.32,321.83
25567,강원특별자치도 강릉시 하평3길 47,227.13,105.32,321.83
25485,강원특별자치도 강릉시 강릉대로 447,227.03,105.32,321.83
25486,강원특별자치도 강릉시 가작로 301,226.88,105.32,321.83
25480,강원특별자치도 강릉시 강릉대로469번길 22,227.55,105.32,321.83
25548,강원특별자치도 강릉시 용지로104번길 7,225.91,105.32,321.83
25547,강원특별자치도 강릉시 경강로2268번길 8,226.67,105.32,321.83
25484,강원특별자치도 강릉시 산양큰길 14,227.78,105.32,321.83
25566,강원특별자치도 강릉시 하평길 31,227.04,105.32,321.83
25569,강원특별자치도 강릉시 경강로 2319,227.4,105.32,321.83
25483,강원특별자치도 강릉시 강릉대로527번길 8,227.84,105.32,321.83
25479,강원특별자치도 강릉시 강릉대로469번길 39,228.13,105.32,321.83
25482,강원특별자치도 강릉시 연당길 42,228.31,105.32,321.83
25522,강원특별자치도 강릉시 선수촌로63번길 18,223.06,105.32,321.83
25520,강원특별자치도 강릉시 사임당로 131,223.1,105.32,321.83
25536,강원특별자치도 강릉시 토성로61번길 2,223.62,105.32,321.83
25524,강원특별자치도 강릉시 경강로1804번길 12,222.36,105.32,321.83
25525,강원특별자치도 강릉시 홍제로71번길 31,223.37,105.32,321.83
25519,강원특별자치도 강릉시 하슬라로 15,223.75,105.32,321.83
25523,강원특별자치도 강릉시 경강로 1936,222.85,105.32,321.83
25599,강원특별자치도 강릉시 관솔길12번길 45,222.81,105.32,321.83
25598,강원특별자치도 강릉시 회산로 347,222.48,105.32,321.83
25600,강원특별자치도 강릉시 관솔길 61,222.79,105.32,321.83
24728,강원특별자치도 고성군 교촌길 57,264.62,105.32,321.83
24741,강원특별자치도 고성군 진부령로 2137,252.43,105.32,321.83
24727,강원특별자치도 고성군 진부령로 2440,255.64,105.32,321.83
24726,강원특별자치도 고성군 건봉사로 116,264.84,105.32,321.83
24738,강원특별자치도 고성군 금수리1길 50,261.86,105.32,321.83
24736,강원특별자치도 고성군 수성로 48,261.01,105.32,321.83
24731,강원특별자치도 고성군 동호길 46,262.47,105.32,321.83
24733,강원특별자치도 고성군 간성북로 80,261.47,105.32,321.83
24725,강원특별자치도 고성군 진부령로 3036,264.7,105.32,321.83
24730,강원특별자치도 고성군 간성로 140,262.21,105.32,321.83
24729,강원특별자치도 고성군 간성로 81,262.8,105.32,321.83
24735,강원특별자치도 고성군 간성로 82,261.5,105.32,321.83
24732,강원특별자치도 고성군 남천마루1길 50,261.33,105.32,321.83
24734,강원특별자치도 고성군 간성로30번길 7,261.03,105.32,321.83
24737,강원특별자치도 고성군 수성로 37,260.75,105.32,321.83
24740,강원특별자치도 고성군 어천2길 11,257.8,105.32,321.83
24742,강원특별자치도 고성군 진부령로 1075,241.98,105.32,321.83
24739,강원특별자치도 고성군 탑동길 512,260.84,105.32,321.83
24717,강원특별자치도 고성군 거탄진로 135,269.33,105.32,321.83
24716,강원특별자치도 고성군 거진길 21,269.25,105.32,321.83
24713,강원특별자치도 고성군 거탄진로 22,268.2,105.32,321.83
24711,강원특별자치도 고성군 행랑골길 24,269.69,105.32,321.83
24719,강원특별자치도 고성군 벌평로 27,269.4,105.32,321.83
24715,강원특별자치도 고성군 거진길 31,269.3,105.32,321.83
24714,강원특별자치도 고성군 거탄진로 149,269.47,105.32,321.83
24718,강원특별자치도 고성군 거진운동장길 52,269.36,105.32,321.83
24720,강원특별자치도 고성군 거탄진로29번길 7,268.34,105.32,321.83
24712,강원특별자치도 고성군 거성길 38,270.05,105.32,321.83
24710,강원특별자치도 고성군 벌평로 33,269.33,105.32,321.83
24708,강원특별자치도 고성군 건봉사로 735,260.99,105.32,321.83
24723,강원특별자치도 고성군 반암길 22,265.66,105.32,321.83
24722,강원특별자치도 고성군 낙산길 229,269.65,105.32,321.83
24724,강원특별자치도 고성군 남강로 540,268.35,105.32,321.83
24709,강원특별자치도 고성군 남강로 845,272.13,105.32,321.83
24721,강원특별자치도 고성군 자산길 19,268.36,105.32,321.83
24744,강원특별자치도 고성군 가진길 20,258.19,105.32,321.83
24745,강원특별자치도 고성군 공현진해변길 69,289.56,105.32,321.83
24747,강원특별자치도 고성군 동해대로 6130,288.62,105.32,321.83
24748,강원특별자치도 고성군 구성2길 28,258.2,105.32,321.83
24752,강원특별자치도 고성군 괘진길 53,248.5,105.32,321.83
24750,강원특별자치도 고성군 삼포민박촌1길 14,250.92,105.32,321.83
24751,강원특별자치도 고성군 삼포길 7,250.09,105.32,321.83
24749,강원특별자치도 고성군 곡실평길 132,252.29,105.32,321.83
24746,강원특별자치도 고성군 왕곡마을길 47,255.96,105.32,321.83
24743,강원특별자치도 고성군 향목동길 83,259.37,105.32,321.83
24755,강원특별자치도 고성군 교암길 61,247.4,105.32,321.83
24760,강원특별자치도 고성군 화원길 296,243.86,105.32,321.83
24754,강원특별자치도 고성군 교암1길 15,247.45,105.32,321.83
24756,강원특별자치도 고성군 화원1길 59,279.64,105.32,321.83
24761,강원특별자치도 고성군 도원2길 58,246.89,105.32,321.83
24762,강원특별자치도 고성군 진등3길 87,243.19,105.32,321.83
24765,강원특별자치도 고성군 토성로 60,242.46,105.32,321.83
24764,강원특별자치도 고성군 봉포4길 22,242.94,105.32,321.83
24766,강원특별자치도 고성군 잼버리동로 593,240.98,105.32,321.83
24767,강원특별자치도 고성군 성대로 53,241.06,105.32,321.83
24763,강원특별자치도 고성군 신성1길 108,243.43,105.32,321.83
24768,강원특별자치도 고성군 용원로 470,271.83,105.32,321.83
24769,강원특별자치도 고성군 용원로 272,273.93,105.32,321.83
24757,강원특별자치도 고성군 아야진해변길 59,245.1,105.32,321.83
24758,강원특별자치도 고성군 동해대로 5213,245.52,105.32,321.83
24759,강원특별자치도 고성군 용암1길 34,278.88,105.32,321.83
24770,강원특별자치도 고성군 사진용촌길 89,243.44,105.32,321.83
24753,강원특별자치도 고성군 떡바우골길 96,251.92,105.32,321.83
24701,강원특별자치도 고성군 건봉사로 247,282.96,105.32,321.83
24703,강원특별자치도 고성군 금강산로 353,312.55,105.32,321.83
24704,강원특별자치도 고성군 한나루로 131,312.38,105.32,321.83
24706,강원특별자치도 고성군 대진1길 8,310.99,105.32,321.83
24702,강원특별자치도 고성군 마차진길 1,312.29,105.32,321.83
24707,강원특별자치도 고성군 열산길 11,273.54,105.32,321.83
24705,강원특별자치도 고성군 철통1길 44,311.12,105.32,321.83
25703,강원특별자치도 동해시 금단길 94,255.67,105.32,321.83
25792,강원특별자치도 동해시 공단10로 15,264.49,105.32,321.83
25817,강원특별자치도 동해시 대동로 41,264.66,105.32,321.83
25813,강원특별자치도 동해시 오일장2길 10,264.17,105.32,321.83
25790,강원특별자치도 동해시 갯목길 144,265.18,105.32,321.83
25791,강원특별자치도 동해시 구미1길 33,264.25,105.32,321.83
25793,강원특별자치도 동해시 대동로 74,266.25,105.32,321.83
25798,강원특별자치도 동해시 공단1로 177,267.02,105.32,321.83
25799,강원특별자치도 동해시 공단3로 68,265.63,105.32,321.83
25797,강원특별자치도 동해시 공단9로 156,266.31,105.32,321.83
25794,강원특별자치도 동해시 공단12로 20,265.24,105.32,321.83
25796,강원특별자치도 동해시 공단9로 113,265.99,105.32,321.83
25795,강원특별자치도 동해시 공단12로 77,265.57,105.32,321.83
25818,강원특별자치도 동해시 귀운길 100,265.61,105.32,321.83
25811,강원특별자치도 동해시 나안2길 32,264.25,105.32,321.83
25810,강원특별자치도 동해시 나안1길 9,262.98,105.32,321.83
25808,강원특별자치도 동해시 청운1길 55,262.8,105.32,321.83
25812,강원특별자치도 동해시 동해대로 4898,264.31,105.32,321.83
25822,강원특별자치도 동해시 내동길 137,268.25,105.32,321.83
25821,강원특별자치도 동해시 봉정2길 5,264.68,105.32,321.83
25820,강원특별자치도 동해시 강원남부로 4609,265.9,105.32,321.83
25814,강원특별자치도 동해시 구미택지1길 59,265.11,105.32,321.83
25816,강원특별자치도 동해시 동해대로 4746,264.91,105.32,321.83
25743,강원특별자치도 동해시 달방길 283,272.55,105.32,321.83
25708,강원특별자치도 동해시 일출로 385,253.68,105.32,321.83
25707,강원특별자치도 동해시 대진항길 27,253.22,105.32,321.83
25803,강원특별자치도 동해시 동회길 88,263.8,105.32,321.83
25806,강원특별자치도 동해시 효자남길 64,262.1,105.32,321.83
25807,강원특별자치도 동해시 효자남길 29,262.53,105.32,321.83
25805,강원특별자치도 동해시 청운로 113,262.74,105.32,321.83
25704,강원특별자치도 동해시 신계길 5,255.75,105.32,321.83
25700,강원특별자치도 동해시 동해대로 6218,253.33,105.32,321.83
25701,강원특별자치도 동해시 석두골길 28,249.89,105.32,321.83
25705,강원특별자치도 동해시 동해대로 6121,251.95,105.32,321.83
25717,강원특별자치도 동해시 일출로 83,256.12,105.32,321.83
25711,강원특별자치도 동해시 덕장1길 36,256.45,105.32,321.83
25718,강원특별자치도 동해시 일출로 92,256.26,105.32,321.83
25716,강원특별자치도 동해시 산제골1길 35,255.48,105.32,321.83
25709,강원특별자치도 동해시 도째비길 22,256.9,105.32,321.83
25710,강원특별자치도 동해시 해맞이길 229,256.26,105.32,321.83
25715,강원특별자치도 동해시 동문산길 2,255.66,105.32,321.83
25721,강원특별자치도 동해시 발한로 167,255.69,105.32,321.83
25727,강원특별자치도 동해시 해안로 511,255.59,105.32,321.83
25720,강원특별자치도 동해시 시장안길 8,258.47,105.32,321.83
25725,강원특별자치도 동해시 발한로 146,256.62,105.32,321.83
25722,강원특별자치도 동해시 발한로 159,255.76,105.32,321.83
25731,강원특별자치도 동해시 발한로 82,257.24,105.32,321.83
25724,강원특별자치도 동해시 발한로 105,256.42,105.32,321.83
25728,강원특별자치도 동해시 임항로 99,257.04,105.32,321.83
25732,강원특별자치도 동해시 수원지2길 3,256.68,105.32,321.83
25740,강원특별자치도 동해시 동해대로 5705,255.22,105.32,321.83
25723,강원특별자치도 동해시 발한천길 53,254.82,105.32,321.83
25726,강원특별자치도 동해시 향로3길 43,256.19,105.32,321.83
25713,강원특별자치도 동해시 해안로 635,254.37,105.32,321.83
25714,강원특별자치도 동해시 발한로 279,254.82,105.32,321.83
25719,강원특별자치도 동해시 발한로 218,255.73,105.32,321.83
25729,강원특별자치도 동해시 부두길 2,256.93,105.32,321.83
25706,강원특별자치도 동해시 큰발한길 13,254.83,105.32,321.83
25712,강원특별자치도 동해시 발한로 384,253.71,105.32,321.83
25733,강원특별자치도 동해시 가마골길 20,262.94,105.32,321.83
25741,강원특별자치도 동해시 승지로 243,259.98,105.32,321.83
25735,강원특별자치도 동해시 부곡3길 19,256.81,105.32,321.83
25736,강원특별자치도 동해시 부곡5길 34,256.66,105.32,321.83
25734,강원특별자치도 동해시 부곡복개로 19,257.01,105.32,321.83
25730,강원특별자치도 동해시 전망대길 4,256.57,105.32,321.83
25738,강원특별자치도 동해시 발한로 28,262.68,105.32,321.83
25815,강원특별자치도 동해시 전천로 217,263.79,105.32,321.83
25742,강원특별자치도 동해시 비천길 295,272.65,105.32,321.83
25746,강원특별자치도 동해시 삼화로 375,272.52,105.32,321.83
25745,강원특별자치도 동해시 삼화로 85,269.65,105.32,321.83
25744,강원특별자치도 동해시 이기로 97,272.68,105.32,321.83
25789,강원특별자치도 동해시 송정로 27,263.76,105.32,321.83
25779,강원특별자치도 동해시 대동로 210,265.16,105.32,321.83
25788,강원특별자치도 동해시 솔밭2길 11,264.29,105.32,321.83
25785,강원특별자치도 동해시 대동로 261,263.35,105.32,321.83
25776,강원특별자치도 동해시 용정로 67,264.18,105.32,321.83
25787,강원특별자치도 동해시 동해역길 126,264.52,105.32,321.83
25786,강원특별자치도 동해시 송정중앙로 67,263.69,105.32,321.83
25809,강원특별자치도 동해시 청운2길 17,263.79,105.32,321.83
25804,강원특별자치도 동해시 언당길 5,263.62,105.32,321.83
25702,강원특별자치도 동해시 터일길 7,253.66,105.32,321.83
25783,강원특별자치도 동해시 해안로 65,263.2,105.32,321.83
25780,강원특별자치도 동해시 봉오동길 46,262.34,105.32,321.83
25784,강원특별자치도 동해시 숫골길 17,263.31,105.32,321.83
25819,강원특별자치도 동해시 이원길 168,263.48,105.32,321.83
25801,강원특별자치도 동해시 분토길 165,263.34,105.32,321.83
25800,강원특별자치도 동해시 지양길 200,264.06,105.32,321.83
25771,강원특별자치도 동해시 동굴로 77,264.8,105.32,321.83
25764,강원특별자치도 동해시 항골길 28,261.46,105.32,321.83
25777,강원특별자치도 동해시 감추1길 10,261.73,105.32,321.83
25775,강원특별자치도 동해시 충혼길 23,261.62,105.32,321.83
25778,강원특별자치도 동해시 감추2길 27,262.01,105.32,321.83
25769,강원특별자치도 동해시 한섬로 107,261.96,105.32,321.83
25766,강원특별자치도 동해시 한섬로 23,261.55,105.32,321.83
25759,강원특별자치도 동해시 천곡2길 3,262.29,105.32,321.83
25752,강원특별자치도 동해시 평원1길 5,263.15,105.32,321.83
25761,강원특별자치도 동해시 천곡로 44,262.2,105.32,321.83
25770,강원특별자치도 동해시 동굴로 123,262,105.32,321.83
25781,강원특별자치도 동해시 감추로 8,262,105.32,321.83
25754,강원특별자치도 동해시 천곡로 117,262.94,105.32,321.83
25750,강원특별자치도 동해시 평릉길 21,262.38,105.32,321.83
25768,강원특별자치도 동해시 중앙로 229,262.64,105.32,321.83
25772,강원특별자치도 동해시 한섬로 28,261.06,105.32,321.83
25758,강원특별자치도 동해시 천곡로 35,262.11,105.32,321.83
25767,강원특별자치도 동해시 한섬로 73,261.42,105.32,321.83
25755,강원특별자치도 동해시 천곡로 77,262.81,105.32,321.83
25749,강원특별자치도 동해시 평릉길 14,261.92,105.32,321.83
25753,강원특별자치도 동해시 한섬해안길 104,263.24,105.32,321.83
25763,강원특별자치도 동해시 천곡로 24,261.88,105.32,321.83
25765,강원특별자치도 동해시 샘실1길 3,261.27,105.32,321.83
25774,강원특별자치도 동해시 동굴로 15,260.62,105.32,321.83
25773,강원특별자치도 동해시 한섬로 22,261,105.32,321.83
25756,강원특별자치도 동해시 천곡1길 90,262.2,105.32,321.83
25760,강원특별자치도 동해시 대학로 31,262.54,105.32,321.83
25747,강원특별자치도 동해시 평릉1길 37,262.26,105.32,321.83
25748,강원특별자치도 동해시 평릉1길 37,262.26,105.32,321.83
25757,강원특별자치도 동해시 천곡로 15,262.05,105.32,321.83
25782,강원특별자치도 동해시 중앙로 143,262.02,105.32,321.83
25751,강원특별자치도 동해시 하평로 44,262.6,105.32,321.83
25737,강원특별자치도 동해시 평원1길 135,257.5,105.32,321.83
25739,강원특별자치도 동해시 평원로 115,263.21,105.32,321.83
25802,강원특별자치도 동해시 효자로 691,262.02,105.32,321.83
25953,강원특별자치도 삼척시 동활길 138,274.91,105.32,321.83
25954,강원특별자치도 삼척시 오목길 495,291.78,105.32,321.83
25955,강원특별자치도 삼척시 청옥로 4090,292.26,105.32,321.83
25909,강원특별자치도 삼척시 새천년도로 589,268.92,105.32,321.83
25908,강원특별자치도 삼척시 동해대로 4303,268.78,105.32,321.83
25919,강원특별자치도 삼척시 근산길 227,270.78,105.32,321.83
25910,강원특별자치도 삼척시 광진2길 59,274.27,105.32,321.83
25923,강원특별자치도 삼척시 청석로2길 3,272.38,105.32,321.83
25911,강원특별자치도 삼척시 동해대로 4183,270.43,105.32,321.83
25916,강원특별자치도 삼척시 중앙로 279,271.78,105.32,321.83
25912,강원특별자치도 삼척시 언장2길 38,269.33,105.32,321.83
25924,강원특별자치도 삼척시 청석로3길 16,272.71,105.32,321.83
25925,강원특별자치도 삼척시 동해대로 4122,273.82,105.32,321.83
25913,강원특별자치도 삼척시 중앙로 346,272.6,105.32,321.83
25915,강원특별자치도 삼척시 봉황로 147,269.98,105.32,321.83
25928,강원특별자치도 삼척시 척주로 96,272.28,105.32,321.83
25914,강원특별자치도 삼척시 중앙로 296,271.84,105.32,321.83
25936,강원특별자치도 삼척시 광태길 109,283.52,105.32,321.83
25933,강원특별자치도 삼척시 교가2길 10,280.13,105.32,321.83
25934,강원특별자치도 삼척시 교가오리길 24,281.42,105.32,321.83
25937,강원특별자치도 삼척시 궁촌길 404,290.97,105.32,321.83
25932,강원특별자치도 삼척시 금계1길 19,281.19,105.32,321.83
25935,강원특별자치도 삼척시 부남길 24,283.05,105.32,321.83
25938,강원특별자치도 삼척시 용화해변1길 12,293.38,105.32,321.83
25929,강원특별자치도 삼척시 남양안길 21,271.69,105.32,321.83
25922,강원특별자치도 삼척시 사대길 41,271.94,105.32,321.83
25930,강원특별자치도 삼척시 중앙로4길 16,271.97,105.32,321.83
25921,강원특별자치도 삼척시 척주로 31,271.98,105.32,321.83
25920,강원특별자치도 삼척시 중앙시장길 68,271.46,105.32,321.83
25940,강원특별자치도 삼척시 개산길 430,288.74,105.32,321.83
25941,강원특별자치도 삼척시 문의재로 2112,284.17,105.32,321.83
25939,강원특별자치도 삼척시 시목길 390,285.31,105.32,321.83
25917,강원특별자치도 삼척시 대학로 19,271.11,105.32,321.83
25906,강원특별자치도 삼척시 도경북길 100,269.87,105.32,321.83
25945,강원특별자치도 삼척시 소달길 8,290.26,105.32,321.83
25952,강원특별자치도 삼척시 구사1길 56,267.13,105.32,321.83
25946,강원특별자치도 삼척시 늑구2길 81,291.56,105.32,321.83
25947,강원특별자치도 삼척시 강원남부로 1545,270.34,105.32,321.83
25948,강원특별자치도 삼척시 도계우회로 78,270.41,105.32,321.83
25944,강원특별자치도 삼척시 발이1길 10,291.93,105.32,321.83
25951,강원특별자치도 삼척시 강원남부로 1042,258.68,105.32,321.83
25950,강원특별자치도 삼척시 흥전길 128,272.71,105.32,321.83
25949,강원특별자치도 삼척시 황조길 255,277.72,105.32,321.83
25907,강원특별자치도 삼척시 오십천로 80,272.59,105.32,321.83
25903,강원특별자치도 삼척시 고천1길 6,281.22,105.32,321.83
25905,강원특별자치도 삼척시 동산길 511,283.83,105.32,321.83
25904,강원특별자치도 삼척시 무사길 299,274.61,105.32,321.83
25942,강원특별자치도 삼척시 준경길 333,284.07,105.32,321.83
25943,강원특별자치도 삼척시 대평길 342,287.44,105.32,321.83
25931,강원특별자치도 삼척시 동해대로 3785,277.06,105.32,321.83
25918,강원특별자치도 삼척시 원당로1길 13,273.26,105.32,321.83
25956,강원특별자치도 삼척시 갈남길 32,298.89,105.32,321.83
25959,강원특별자치도 삼척시 기곡4길 276,321.83,105.32,321.83
25960,강원특별자치도 삼척시 가곡천로 2987,312.41,105.32,321.83
25957,강원특별자치도 삼척시 비화진길 117,305.8,105.32,321.83
25961,강원특별자치도 삼척시 삼척로 732,307.76,105.32,321.83
25958,강원특별자치도 삼척시 이천4길 395,317.47,105.32,321.83
25927,강원특별자치도 삼척시 정상로 17,275.88,105.32,321.83
25926,강원특별자치도 삼척시 정상로4길 32,276.21,105.32,321.83
25900,강원특별자치도 삼척시 백두대간로 3454,271.17,105.32,321.83
25901,강원특별자치도 삼척시 하장길 110,253.2,105.32,321.83
25902,강원특별자치도 삼척시 오두재로 48,236.99,105.32,321.83
24836,강원특별자치도 속초시 엑스포로 172,216.92,105.32,321.83
24839,강원특별자치도 속초시 교동로 42,238.22,105.32,321.83
24854,강원특별자치도 속초시 엑스포로2길 26,238.43,105.32,321.83
24848,강원특별자치도 속초시 만천4길 4,238.02,105.32,321.83
24847,강원특별자치도 속초시 만천6길 11,238.4,105.32,321.83
24853,강원특별자치도 속초시 중앙로17번길 12,238.8,105.32,321.83
24855,강원특별자치도 속초시 먹거리길 40,238.23,105.32,321.83
24863,강원특별자치도 속초시 청대로351번길 24,238.01,105.32,321.83
24838,강원특별자치도 속초시 중앙로46번길 39,216.89,105.32,321.83
24862,강원특별자치도 속초시 밤골5길 20,237.16,105.32,321.83
24835,강원특별자치도 속초시 교동로1길 11,238.8,105.32,321.83
24812,강원특별자치도 속초시 장천1길 116,237.88,105.32,321.83
24845,강원특별자치도 속초시 교동로6길 52,238.28,105.32,321.83
24858,강원특별자치도 속초시 먹거리7길 22,238.22,105.32,321.83
24860,강원특별자치도 속초시 도리원길 122,238.43,105.32,321.83
24829,강원특별자치도 속초시 수복로 109,239.11,105.32,321.83
24856,강원특별자치도 속초시 먹거리길 17,238.17,105.32,321.83
24842,강원특별자치도 속초시 번영로43번길 18,238.41,105.32,321.83
24846,강원특별자치도 속초시 교동로 15,238.49,105.32,321.83
24815,강원특별자치도 속초시 미시령로 3395,238.63,105.32,321.83
24819,강원특별자치도 속초시 미시령로 3343,237.64,105.32,321.83
24843,강원특별자치도 속초시 번영로31번길 12,238.34,105.32,321.83
24844,강원특별자치도 속초시 동해대로 4320,237.49,105.32,321.83
24852,강원특별자치도 속초시 만천1길 7,237.94,105.32,321.83
24820,강원특별자치도 속초시 미시령로 3389,237.9,105.32,321.83
24850,강원특별자치도 속초시 동해대로 4308,237.4,105.32,321.83
24851,강원특별자치도 속초시 동해대로 4292,237.73,105.32,321.83
24802,강원특별자치도 속초시 미시령로 3265,236.93,105.32,321.83
24817,강원특별자치도 속초시 미시령로3337번길 6,237.46,105.32,321.83
24849,강원특별자치도 속초시 만천4길 1,238.08,105.32,321.83
24840,강원특별자치도 속초시 교동로7길 31,238.26,105.32,321.83
24841,강원특별자치도 속초시 교동로7길 34,238.31,105.32,321.83
24861,강원특별자치도 속초시 밤골3길 39,237.13,105.32,321.83
24857,강원특별자치도 속초시 먹거리길 9,238.02,105.32,321.83
24818,강원특별자치도 속초시 미시령로3337번길 6,237.46,105.32,321.83
24816,강원특별자치도 속초시 미시령로3359번길 15,238,105.32,321.83
24837,강원특별자치도 속초시 중앙로 122,217.11,105.32,321.83
24832,강원특별자치도 속초시 중앙로129번길 35,239.53,105.32,321.83
24831,강원특별자치도 속초시 번영로72번길 43,239.26,105.32,321.83
24814,강원특별자치도 속초시 번영로97번길 33,239.22,105.32,321.83
24813,강원특별자치도 속초시 미시령로3359번길 71,238.23,105.32,321.83
24830,강원특별자치도 속초시 수복로187번길 15,239.02,105.32,321.83
24833,강원특별자치도 속초시 수복로 174,239.27,105.32,321.83
24806,강원특별자치도 속초시 영랑호반길 195,240.24,105.32,321.83
24834,강원특별자치도 속초시 청학로2길 92,239.11,105.32,321.83
24828,강원특별자치도 속초시 번영로97번길 32,239.2,105.32,321.83
24864,강원특별자치도 속초시 노리4길 13,236.78,105.32,321.83
24800,강원특별자치도 속초시 원암학사평길 88,233.49,105.32,321.83
24859,강원특별자치도 속초시 신흥2길 16,234.54,105.32,321.83
24867,강원특별자치도 속초시 관광로363번길 92,235.59,105.32,321.83
24866,강원특별자치도 속초시 온천로 56,236.13,105.32,321.83
24865,강원특별자치도 속초시 도리원길 5,237.29,105.32,321.83
24868,강원특별자치도 속초시 싸리재길 247,237.34,105.32,321.83
24899,강원특별자치도 속초시 농공단지2길 33,229.32,105.32,321.83
24902,강원특별자치도 속초시 동해대로 3641,228.42,105.32,321.83
24900,강원특별자치도 속초시 해오름로 86,230.78,105.32,321.83
24901,강원특별자치도 속초시 대포항희망1길 57,229.41,105.32,321.83
24888,강원특별자치도 속초시 해오름로 129,231.23,105.32,321.83
24904,강원특별자치도 속초시 설악산로352번길 64,226.93,105.32,321.83
24827,강원특별자치도 속초시 장안로1길 14,239.36,105.32,321.83
24821,강원특별자치도 속초시 번영로 139,239.79,105.32,321.83
24811,강원특별자치도 속초시 영랑해안길 6,240.56,105.32,321.83
24822,강원특별자치도 속초시 법대로 7,239.89,105.32,321.83
24823,강원특별자치도 속초시 장안로 31,240.06,105.32,321.83
24824,강원특별자치도 속초시 동명항길 35,240.26,105.32,321.83
24825,강원특별자치도 속초시 중앙로199번길 12,239.63,105.32,321.83
24826,강원특별자치도 속초시 중앙로 195,240.03,105.32,321.83
24903,강원특별자치도 속초시 설악산로 998,231.84,105.32,321.83
24810,강원특별자치도 속초시 영랑해안길 141,240.37,105.32,321.83
24807,강원특별자치도 속초시 중앙로 331,243.69,105.32,321.83
24809,강원특별자치도 속초시 영랑로 23,240.06,105.32,321.83
24808,강원특별자치도 속초시 중앙로 320,240.32,105.32,321.83
24804,강원특별자치도 속초시 장사항해안길 21,242.97,105.32,321.83
24805,강원특별자치도 속초시 영랑호반길 615,243.35,105.32,321.83
24801,강원특별자치도 속초시 미시령로 3097,235.05,105.32,321.83
24803,강원특별자치도 속초시 중앙로419번길 17,242.79,105.32,321.83
24890,강원특별자치도 속초시 선사로5길 35,231.1,105.32,321.83
24886,강원특별자치도 속초시 청호로2길 22,231.57,105.32,321.83
24871,강원특별자치도 속초시 조양로 254,215.47,105.32,321.83
24880,강원특별자치도 속초시 청대로204번길 22,230.84,105.32,321.83
24897,강원특별자치도 속초시 논산길 18,230.28,105.32,321.83
24878,강원특별자치도 속초시 청대로232번길 15,231.09,105.32,321.83
24885,강원특별자치도 속초시 동해대로 4010,231.55,105.32,321.83
24892,강원특별자치도 속초시 조양로 56,231.64,105.32,321.83
24891,강원특별자치도 속초시 동해대로 4039,231.45,105.32,321.83
24873,강원특별자치도 속초시 동해대로 4091,231.13,105.32,321.83
24869,강원특별자치도 속초시 청대마을길 34,215.59,105.32,321.83
24894,강원특별자치도 속초시 조양로21번길 11,231.12,105.32,321.83
24872,강원특별자치도 속초시 청초호반로 107,239.32,105.32,321.83
24887,강원특별자치도 속초시 새마을6길 29,230.99,105.32,321.83
24870,강원특별자치도 속초시 조양로 241,238.67,105.32,321.83
24877,강원특별자치도 속초시 청대로232번길 8,230.99,105.32,321.83
24874,강원특별자치도 속초시 동해대로 4125,215.49,105.32,321.83
24893,강원특별자치도 속초시 동해대로 3951,231.22,105.32,321.83
24895,강원특별자치도 속초시 조양로21번길 14,231.02,105.32,321.83
24879,강원특별자치도 속초시 청대로232번길 15,231.09,105.32,321.83
24876,강원특별자치도 속초시 조양상가길 18,231.2,105.32,321.83
24896,강원특별자치도 속초시 온정로 18,231.14,105.32,321.83
24875,강원특별자치도 속초시 조양로 166,230.53,105.32,321.83
24898,강원특별자치도 속초시 온정로1길 11,230.98,105.32,321.83
24881,강원특별자치도 속초시 조양로 163,230.62,105.32,321.83
24883,강원특별자치도 속초시 청호로 75,232.01,105.32,321.83
24884,강원특별자치도 속초시 청호로 76,232.05,105.32,321.83
24882,강원특별자치도 속초시 설악금강대교로 136,233.52,105.32,321.83
24552,강원특별자치도 양구군 남동로 188,189.36,105.32,321.83
24557,강원특별자치도 양구군 봉화산로260번길 81,182.26,105.32,321.83
24558,강원특별자치도 양구군 정중앙로 22,180.78,105.32,321.83
24556,강원특별자치도 양구군 봉화산로352번길 187,184,105.32,321.83
24560,강원특별자치도 양구군 관대두무로 1168,187.76,105.32,321.83
24555,강원특별자치도 양구군 정중앙로 508,184.26,105.32,321.83
24517,강원특별자치도 양구군 소양석현길 47,179.08,105.32,321.83
24553,강원특별자치도 양구군 정중앙로 798,187.31,105.32,321.83
24554,강원특별자치도 양구군 정중앙로663번길 9,185.67,105.32,321.83
24559,강원특별자치도 양구군 삼팔선로 766,182.06,105.32,321.83
24551,강원특별자치도 양구군 남동로321번길 40,191.08,105.32,321.83
24508,강원특별자치도 양구군 남동로707번길 28,194.03,105.32,321.83
24509,강원특별자치도 양구군 남동로707번길 34,193.99,105.32,321.83
24505,강원특별자치도 양구군 돌산령로 605,203.4,105.32,321.83
24511,강원특별자치도 양구군 원당길 47,196.74,105.32,321.83
24507,강원특별자치도 양구군 금강산로 1693,197.57,105.32,321.83
24506,강원특별자치도 양구군 숨골로 751,202.8,105.32,321.83
24510,강원특별자치도 양구군 약수터길 9,193.11,105.32,321.83
24501,강원특별자치도 양구군 평화로 5962,197.4,105.32,321.83
24503,강원특별자치도 양구군 평화로5107번길 21,205.96,105.32,321.83
24504,강원특별자치도 양구군 평화로 4434,205.44,105.32,321.83
24502,강원특별자치도 양구군 장거리길43번길 16,205.08,105.32,321.83
24500,강원특별자치도 양구군 천미길 69,211.75,105.32,321.83
24514,강원특별자치도 양구군 고대길 137,189.53,105.32,321.83
24518,강원특별자치도 양구군 춘양로2545번길 17,177.16,105.32,321.83
24515,강원특별자치도 양구군 파로호로 537,188.65,105.32,321.83
24512,강원특별자치도 양구군 도사리길185번길 6,192.01,105.32,321.83
24543,강원특별자치도 양구군 청춘로 73,182.26,105.32,321.83
24530,강원특별자치도 양구군 택지길 74,183.63,105.32,321.83
24541,강원특별자치도 양구군 청춘로 40,182.53,105.32,321.83
24534,강원특별자치도 양구군 중앙길 65,183.38,105.32,321.83
24545,강원특별자치도 양구군 양남로16번길 10,183.14,105.32,321.83
24519,강원특별자치도 양구군 박수근로365번길 20,183.56,105.32,321.83
24547,강원특별자치도 양구군 우정로 36,181.72,105.32,321.83
24537,강원특별자치도 양구군 비봉로 26,183.22,105.32,321.83
24526,강원특별자치도 양구군 비봉로 64,183.8,105.32,321.83
24546,강원특별자치도 양구군 중심로 52,181.72,105.32,321.83
24533,강원특별자치도 양구군 해시계로 21,183.01,105.32,321.83
24536,강원특별자치도 양구군 장터길 46,183.22,105.32,321.83
24523,강원특별자치도 양구군 양남로 11,183,105.32,321.83
24538,강원특별자치도 양구군 택지길 50,183.29,105.32,321.83
24531,강원특별자치도 양구군 비봉로 44,183.38,105.32,321.83
24548,강원특별자치도 양구군 청춘로 83,182.04,105.32,321.83
24535,강원특별자치도 양구군 양구새싹로 27,183.13,105.32,321.83
24544,강원특별자치도 양구군 우정로 76,182.16,105.32,321.83
24542,강원특별자치도 양구군 청춘로 7,182.97,105.32,321.83
24529,강원특별자치도 양구군 택지길 106,183.48,105.32,321.83
24527,강원특별자치도 양구군 양록길23번길 12,183.62,105.32,321.83
24525,강원특별자치도 양구군 중심로 189,183.21,105.32,321.83
24532,강원특별자치도 양구군 중앙길 32,183.52,105.32,321.83
24524,강원특별자치도 양구군 중심로 192,183.18,105.32,321.83
24528,강원특별자치도 양구군 양록길 17,183.89,105.32,321.83
24521,강원특별자치도 양구군 비봉로73번길 52,183.87,105.32,321.83
24516,강원특별자치도 양구군 상무룡로 396,203.38,105.32,321.83
24549,강원특별자치도 양구군 금강산로 25,182.12,105.32,321.83
24539,강원특별자치도 양구군 박수근로 305,183.29,105.32,321.83
24540,강원특별자치도 양구군 박수근로 322,183.13,105.32,321.83
24550,강원특별자치도 양구군 박수근로285번길 45,183.45,105.32,321.83
24513,강원특별자치도 양구군 죽곡로73번길 1,187.79,105.32,321.83
24520,강원특별자치도 양구군 금강산로 569,189.19,105.32,321.83
24522,강원특별자치도 양구군 관공서로16번길 5,183.24,105.32,321.83
24564,강원특별자치도 양구군 펀치볼로 956,208.56,105.32,321.83
24562,강원특별자치도 양구군 전망대로 248,215.6,105.32,321.83
24561,강원특별자치도 양구군 땅굴로 454,217.45,105.32,321.83
24563,강원특별자치도 양구군 동막동길 50,213.74,105.32,321.83
25006,강원특별자치도 양양군 화채봉길 183,223.93,105.32,321.83
25000,강원특별자치도 양양군 물치천로 157,226.97,105.32,321.83
25061,강원특별자치도 양양군 물치천로 58,227.09,105.32,321.83
25005,강원특별자치도 양양군 물치천로 194,227.32,105.32,321.83
25007,강원특별자치도 양양군 안골로 132,222.97,105.32,321.83
25009,강원특별자치도 양양군 사자평길 28,222.03,105.32,321.83
25014,강원특별자치도 양양군 주청1길 64,221.69,105.32,321.83
25004,강원특별자치도 양양군 동해대로 3277,223.6,105.32,321.83
25003,강원특별자치도 양양군 동해대로 3335,224.94,105.32,321.83
25001,강원특별자치도 양양군 장산1길 68,227.2,105.32,321.83
25002,강원특별자치도 양양군 진미로 273,229.09,105.32,321.83
25008,강원특별자치도 양양군 낙산사로 95,222.26,105.32,321.83
25015,강원특별자치도 양양군 동해대로 3038,220.96,105.32,321.83
25033,강원특별자치도 양양군 설악로 1868,219.43,105.32,321.83
25040,강원특별자치도 양양군 구룡령로 673,217.74,105.32,321.83
25037,강원특별자치도 양양군 용소길 49,210.07,105.32,321.83
25038,강원특별자치도 양양군 버들골길 116,226.51,105.32,321.83
25035,강원특별자치도 양양군 논화길 85,217.47,105.32,321.83
25036,강원특별자치도 양양군 고인돌길 200,217.45,105.32,321.83
25039,강원특별자치도 양양군 구룡령로 1906,205.49,105.32,321.83
25034,강원특별자치도 양양군 들돌길 244,217.11,105.32,321.83
25041,강원특별자치도 양양군 동명로 213,220.68,105.32,321.83
25044,강원특별자치도 양양군 동해대로 2463,219.4,105.32,321.83
25043,강원특별자치도 양양군 동해대로 2463,219.4,105.32,321.83
25042,강원특별자치도 양양군 재뫼길 71,225.96,105.32,321.83
25045,강원특별자치도 양양군 밀양고개길 14,255.49,105.32,321.83
25032,강원특별자치도 양양군 고노동길 98,219.36,105.32,321.83
25012,강원특별자치도 양양군 감동골로 180,218.81,105.32,321.83
25011,강원특별자치도 양양군 거마천로 350,218.53,105.32,321.83
25019,강원특별자치도 양양군 거마천로 172,216.7,105.32,321.83
25022,강원특별자치도 양양군 북문길 35,216.83,105.32,321.83
25021,강원특별자치도 양양군 미륵길 26,216.89,105.32,321.83
25023,강원특별자치도 양양군 북문길 50,216.36,105.32,321.83
25060,강원특별자치도 양양군 한고개길 42,216.9,105.32,321.83
25024,강원특별자치도 양양군 현산공원길 31,216.65,105.32,321.83
25013,강원특별자치도 양양군 정손길 211,221.67,105.32,321.83
25030,강원특별자치도 양양군 남문3길 14,217.44,105.32,321.83
25029,강원특별자치도 양양군 남문로 25,216.72,105.32,321.83
25031,강원특별자치도 양양군 양양로 23,217.43,105.32,321.83
25026,강원특별자치도 양양군 임천1길 26,215.67,105.32,321.83
25028,강원특별자치도 양양군 서문3길 13,216.11,105.32,321.83
25027,강원특별자치도 양양군 서문4길 14,215.82,105.32,321.83
25025,강원특별자치도 양양군 양양로 162,215.66,105.32,321.83
25018,강원특별자치도 양양군 한고개길 41,216.56,105.32,321.83
25020,강원특별자치도 양양군 송암길 27,217.64,105.32,321.83
25016,강원특별자치도 양양군 일출로 403,219.06,105.32,321.83
25017,강원특별자치도 양양군 동해대로 2747,219.16,105.32,321.83
25010,강원특별자치도 양양군 거마천로 528,219.27,105.32,321.83
25056,강원특별자치도 양양군 개매길 41,240.75,105.32,321.83
25057,강원특별자치도 양양군 동해대로 279,239.65,105.32,321.83
25058,강원특별자치도 양양군 원포2길 2,239.63,105.32,321.83
25053,강원특별자치도 양양군 동산큰길 44,243.8,105.32,321.83
25052,강원특별자치도 양양군 동해대로 967,261.34,105.32,321.83
25059,강원특별자치도 양양군 화상천로 1086,247.05,105.32,321.83
25055,강원특별자치도 양양군 해송천로 47,242.63,105.32,321.83
25054,강원특별자치도 양양군 해송천로 194,244.71,105.32,321.83
25047,강원특별자치도 양양군 기사문길 21,263.79,105.32,321.83
25048,강원특별자치도 양양군 한재길 377,261.02,105.32,321.83
25049,강원특별자치도 양양군 도리1길 73,226.83,105.32,321.83
25046,강원특별자치도 양양군 말곡길 53,253.9,105.32,321.83
25050,강원특별자치도 양양군 면옥치길 506,241.23,105.32,321.83
25051,강원특별자치도 양양군 어성전길 167,235.15,105.32,321.83
26245,강원특별자치도 영월군 강변로 1264,197.85,105.32,321.83
26247,강원특별자치도 영월군 내리계곡로 1107,214.28,105.32,321.83
26246,강원특별자치도 영월군 망경대산길 193,208.32,105.32,321.83
26217,강원특별자치도 영월군 광천길 113,184.79,105.32,321.83
26215,강원특별자치도 영월군 들골길 57,178.06,105.32,321.83
26216,강원특별자치도 영월군 영월로 641,177.89,105.32,321.83
26208,강원특별자치도 영월군 배나무길 47,184.9,105.32,321.83
26220,강원특별자치도 영월군 연당조전로 273,187.72,105.32,321.83
26218,강원특별자치도 영월군 별방창원로 1423,176.8,105.32,321.83
26219,강원특별자치도 영월군 토교로 125,173.48,105.32,321.83
26201,강원특별자치도 영월군 가메골길 35,163.2,105.32,321.83
26200,강원특별자치도 영월군 두산길 557,160.46,105.32,321.83
26209,강원특별자치도 영월군 밤재로 221,189.42,105.32,321.83
26210,강원특별자치도 영월군 시루산길 9,184.23,105.32,321.83
26214,강원특별자치도 영월군 삼방산길 25,191.65,105.32,321.83
26243,강원특별자치도 영월군 태백산로 1802,214.24,105.32,321.83
26242,강원특별자치도 영월군 영월로 3850,199.62,105.32,321.83
26244,강원특별자치도 영월군 직동로 216,214.87,105.32,321.83
26248,강원특별자치도 영월군 구래로 49,229.05,105.32,321.83
26222,강원특별자치도 영월군 동강로 1025,200.88,105.32,321.83
26231,강원특별자치도 영월군 덕포우회길 249,187.38,105.32,321.83
26229,강원특별자치도 영월군 중리2길 124,187.44,105.32,321.83
26221,강원특별자치도 영월군 동강로 1323,203.84,105.32,321.83
26226,강원특별자치도 영월군 선돌길 85,185.19,105.32,321.83
26239,강원특별자치도 영월군 청령포로 43,183.89,105.32,321.83
26225,강원특별자치도 영월군 영월로 1776,185.26,105.32,321.83
26223,강원특별자치도 영월군 동강로 604,196.71,105.32,321.83
26224,강원특별자치도 영월군 봉래산로 360,189.6,105.32,321.83
26230,강원특별자치도 영월군 영월로 2936,196.05,105.32,321.83
26228,강원특별자치도 영월군 내성길50번길 25,186.46,105.32,321.83
26232,강원특별자치도 영월군 중앙로 61,186.04,105.32,321.83
26227,강원특별자치도 영월군 영모전길 112,186.42,105.32,321.83
26233,강원특별자치도 영월군 단종로33번길 20,185.76,105.32,321.83
26236,강원특별자치도 영월군 요리골목길 23,185.73,105.32,321.83
26234,강원특별자치도 영월군 단종로15번길 48,185.69,105.32,321.83
26237,강원특별자치도 영월군 제방안길 45,185.64,105.32,321.83
26240,강원특별자치도 영월군 영월동로 924,191.39,105.32,321.83
26235,강원특별자치도 영월군 중앙로 10,185.43,105.32,321.83
26238,강원특별자치도 영월군 하송로 103,185.28,105.32,321.83
26241,강원특별자치도 영월군 점골길 30,190.74,105.32,321.83
26206,강원특별자치도 영월군 모내실길 95,174.63,105.32,321.83
26207,강원특별자치도 영월군 금용길 203,173.72,105.32,321.83
26204,강원특별자치도 영월군 느지내길 219,156.17,105.32,321.83
26205,강원특별자치도 영월군 신흥동길 221,165.09,105.32,321.83
26203,강원특별자치도 영월군 도천길 176,157.13,105.32,321.83
26202,강원특별자치도 영월군 평창강로 236,178.03,105.32,321.83
26211,강원특별자치도 영월군 광탄로 367,179.35,105.32,321.83
26212,강원특별자치도 영월군 서강로 769,175.57,105.32,321.83
26213,강원특별자치도 영월군 한반도로 418,180.42,105.32,321.83
26334,강원특별자치도 원주시 자은향길 92,118.37,105.32,321.83
26333,강원특별자치도 원주시 호저로 227,117.56,105.32,321.83
26314,강원특별자치도 원주시 가치래미길 14,116.42,105.32,321.83
26315,강원특별자치도 원주시 가현로 43,116.65,105.32,321.83
26443,강원특별자치도 원주시 치악로 1812,123.84,105.32,321.83
26448,강원특별자치도 원주시 서원대로 383,135.45,105.32,321.83
26446,강원특별자치도 원주시 개운로 30,136.38,105.32,321.83
26444,강원특별자치도 원주시 개운3길 45,136.76,105.32,321.83
26442,강원특별자치도 원주시 치악로 1793,136.6,105.32,321.83
26457,강원특별자치도 원주시 늘품로 187,136.34,105.32,321.83
26445,강원특별자치도 원주시 치악로 1732,136.81,105.32,321.83
26470,강원특별자치도 원주시 갈촌길 97,135.37,105.32,321.83
26468,강원특별자치도 원주시 섭재삼보길 155,135.83,105.32,321.83
26505,강원특별자치도 원주시 치악로 1314,134.83,105.32,321.83
26471,강원특별자치도 원주시 라옹정길 51,135.24,105.32,321.83
26472,강원특별자치도 원주시 시청로 471,135.87,105.32,321.83
26469,강원특별자치도 원주시 치악고교길 13,135.89,105.32,321.83
26473,강원특별자치도 원주시 단관초교길 9,134.99,105.32,321.83
26500,강원특별자치도 원주시 북원로 963,134.28,105.32,321.83
26496,강원특별자치도 원주시 귀문로 582,127.25,105.32,321.83
26502,강원특별자치도 원주시 지차골길 89,133.27,105.32,321.83
26501,강원특별자치도 원주시 분토골길 9,144.93,105.32,321.83
26503,강원특별자치도 원주시 북원로 236,143.96,105.32,321.83
26408,강원특별자치도 원주시 원문로 156,127.25,105.32,321.83
26424,강원특별자치도 원주시 천사로 112,119.92,105.32,321.83
26423,강원특별자치도 원주시 봉화로 46,127.58,105.32,321.83
26434,강원특별자치도 원주시 단구로75번길 3,133.32,105.32,321.83
26436,강원특별자치도 원주시 북원로 2235,119.64,105.32,321.83
26420,강원특별자치도 원주시 백간길 74,120.41,105.32,321.83
26435,강원특별자치도 원주시 북원로2246번길 42,132.98,105.32,321.83
26410,강원특별자치도 원주시 원문로 175,127.13,105.32,321.83
26406,강원특별자치도 원주시 모란1길 51,121.07,105.32,321.83
26382,강원특별자치도 원주시 이화6길 7,119.61,105.32,321.83
26437,강원특별자치도 원주시 봉화로 1,132.74,105.32,321.83
26411,강원특별자치도 원주시 북원로 2321,133.53,105.32,321.83
26421,강원특별자치도 원주시 봉화로 67,127.3,105.32,321.83
26378,강원특별자치도 원주시 봉화서부로 26,126.87,105.32,321.83
26407,강원특별자치도 원주시 북원로 2387,133.83,105.32,321.83
26475,강원특별자치도 원주시 무실로 222,132.34,105.32,321.83
26409,강원특별자치도 원주시 서원대로 33,126.77,105.32,321.83
26413,강원특별자치도 원주시 북원로 2398,133.87,105.32,321.83
26474,강원특별자치도 원주시 이화3길 35,131.69,105.32,321.83
26380,강원특별자치도 원주시 봉화서부로 11,126.86,105.32,321.83
26419,강원특별자치도 원주시 북원로 2312,133.11,105.32,321.83
26476,강원특별자치도 원주시 이화3길 22,131.7,105.32,321.83
26422,강원특별자치도 원주시 백간공원길 14,127.7,105.32,321.83
26349,강원특별자치도 원주시 원문로 336,126.07,105.32,321.83
26418,강원특별자치도 원주시 천사로 111,133.34,105.32,321.83
26381,강원특별자치도 원주시 서원대로86번길 32,127.43,105.32,321.83
26379,강원특별자치도 원주시 봉화서부로 15,126.58,105.32,321.83
26479,강원특별자치도 원주시 서원대로 264,132.11,105.32,321.83
26383,강원특별자치도 원주시 로아노크로 28,132.74,105.32,321.83
26375,강원특별자치도 원주시 전망길 29,127.15,105.32,321.83
26483,강원특별자치도 원주시 천매봉길 85,132.75,105.32,321.83
26400,강원특별자치도 원주시 단관공원길 110,136.02,105.32,321.83
26450,강원특별자치도 원주시 서원대로 485,135.76,105.32,321.83
26451,강원특별자치도 원주시 단사정길 60,135.81,105.32,321.83
26452,강원특별자치도 원주시 치악로 1522,134.69,105.32,321.83
26490,강원특별자치도 원주시 토지길 9,135.96,105.32,321.83
26453,강원특별자치도 원주시 동부순환로 2,134.39,105.32,321.83
26449,강원특별자치도 원주시 송림길 52,135.93,105.32,321.83
26487,강원특별자치도 원주시 서원대로 472,135.67,105.32,321.83
26484,강원특별자치도 원주시 남원로534번길 10,135.23,105.32,321.83
26486,강원특별자치도 원주시 구곡길 57,135.37,105.32,321.83
26485,강원특별자치도 원주시 서원대로 446,135.75,105.32,321.83
26491,강원특별자치도 원주시 단구로 423,135.56,105.32,321.83
26488,강원특별자치도 원주시 늘품로 38,135.25,105.32,321.83
26489,강원특별자치도 원주시 단구로 420,135.29,105.32,321.83
26482,강원특별자치도 원주시 남원로469번길 80,132.29,105.32,321.83
26438,강원특별자치도 원주시 남산로 5,132.73,105.32,321.83
26439,강원특별자치도 원주시 단구로 147,133.07,105.32,321.83
26481,강원특별자치도 원주시 황소마을길 29,132.6,105.32,321.83
26447,강원특별자치도 원주시 서원대로 311,132.76,105.32,321.83
26441,강원특별자치도 원주시 향교길 54,133.81,105.32,321.83
26440,강원특별자치도 원주시 단구로 159,133.15,105.32,321.83
26480,강원특별자치도 원주시 예술관길 10,132.61,105.32,321.83
26399,강원특별자치도 원주시 시청로 278,132.63,105.32,321.83
26387,강원특별자치도 원주시 시청로 30,127.03,105.32,321.83
26388,강원특별자치도 원주시 시청로 72,131.32,105.32,321.83
26396,강원특별자치도 원주시 행가리1길 2,130.27,105.32,321.83
26395,강원특별자치도 원주시 지니기길 11,130,105.32,321.83
26393,강원특별자치도 원주시 무실로 455,131.49,105.32,321.83
26386,강원특별자치도 원주시 만대로 89,126.64,105.32,321.83
26390,강원특별자치도 원주시 시청로 92,131.29,105.32,321.83
26385,강원특별자치도 원주시 만대로 155,131.45,105.32,321.83
26478,강원특별자치도 원주시 무실새골길 66,131.64,105.32,321.83
26392,강원특별자치도 원주시 능라동길 73,131.14,105.32,321.83
26397,강원특별자치도 원주시 마재2로 34,131.87,105.32,321.83
26389,강원특별자치도 원주시 시청로 90,130.95,105.32,321.83
26394,강원특별자치도 원주시 무실로 382,130.75,105.32,321.83
26384,강원특별자치도 원주시 시청로 1,127.15,105.32,321.83
26391,강원특별자치도 원주시 북원로 2115,131.22,105.32,321.83
26477,강원특별자치도 원주시 무실로 300,131.63,105.32,321.83
26398,강원특별자치도 원주시 무실복거리길 32,131.95,105.32,321.83
26369,강원특별자치도 원주시 석지2길 36,118.75,105.32,321.83
26372,강원특별자치도 원주시 동건길 123,116.9,105.32,321.83
26370,강원특별자치도 원주시 건등로 7,116.45,105.32,321.83
26371,강원특별자치도 원주시 원문로 1660,115.88,105.32,321.83
26368,강원특별자치도 원주시 왕건로 5,116.87,105.32,321.83
26361,강원특별자치도 원주시 사자골길 53,113.37,105.32,321.83
26366,강원특별자치도 원주시 원문로 1508,117.8,105.32,321.83
26364,강원특별자치도 원주시 원문로 1208,123.31,105.32,321.83
26367,강원특별자치도 원주시 동화초교길 34,117.24,105.32,321.83
26363,강원특별자치도 원주시 세오름길 8,117.42,105.32,321.83
26365,강원특별자치도 원주시 동화공단로 101,118.48,105.32,321.83
26373,강원특별자치도 원주시 문막골말길 3,116.25,105.32,321.83
26362,강원특별자치도 원주시 문막공단길 99,119.89,105.32,321.83
26360,강원특별자치도 원주시 작달막길 249,122.65,105.32,321.83
26374,강원특별자치도 원주시 개나루길 6,117.62,105.32,321.83
26495,강원특별자치도 원주시 견훤로 941,121.06,105.32,321.83
26460,강원특별자치도 원주시 입춘로 7,136.02,105.32,321.83
26461,강원특별자치도 원주시 입춘로 65,135.67,105.32,321.83
26463,강원특별자치도 원주시 봉황4길 20,144.75,105.32,321.83
26462,강원특별자치도 원주시 세계로 90,129.53,105.32,321.83
26467,강원특별자치도 원주시 건강로 80,135.43,105.32,321.83
26464,강원특별자치도 원주시 혁신로 91,135.62,105.32,321.83
26466,강원특별자치도 원주시 배울로 49,135.36,105.32,321.83
26465,강원특별자치도 원주시 혁신로 50,135.71,105.32,321.83
26459,강원특별자치도 원주시 월운정안길 10,136.02,105.32,321.83
26458,강원특별자치도 원주시 늘품로 199,136.77,105.32,321.83
26456,강원특별자치도 원주시 한가터길 55,137.76,105.32,321.83
26455,강원특별자치도 원주시 한가터길 67,137.7,105.32,321.83
26330,강원특별자치도 원주시 치악로 1868,120.92,105.32,321.83
26331,강원특별자치도 원주시 행구로 84,145.6,105.32,321.83
26329,강원특별자치도 원주시 치악로 1868,120.92,105.32,321.83
26327,강원특별자치도 원주시 치악로 1920,120.76,105.32,321.83
26454,강원특별자치도 원주시 개륜1길 52,122.49,105.32,321.83
26328,강원특별자치도 원주시 봉산1길 18,120.63,105.32,321.83
26497,강원특별자치도 원주시 노숲길 56,123.63,105.32,321.83
26499,강원특별자치도 원주시 부귀로 733,129.32,105.32,321.83
26498,강원특별자치도 원주시 법천시장길 59,111.3,105.32,321.83
26304,강원특별자치도 원주시 치악로 3244,132.44,105.32,321.83
26308,강원특별자치도 원주시 바우실길 61,119.35,105.32,321.83
26309,강원특별자치도 원주시 갓바우길 117,117.95,105.32,321.83
26305,강원특별자치도 원주시 신양선녀길 306,120.25,105.32,321.83
26310,강원특별자치도 원주시 노루고개길 81,143.78,105.32,321.83
26306,강원특별자치도 원주시 장막1길 72,116.83,105.32,321.83
26307,강원특별자치도 원주시 섬배로 151,123.32,105.32,321.83
26311,강원특별자치도 원주시 태장공단길 42,116.87,105.32,321.83
26506,강원특별자치도 원주시 석동구미길 41,155.35,105.32,321.83
26507,강원특별자치도 원주시 도원운학로 975,169.28,105.32,321.83
26508,강원특별자치도 원주시 신림황둔로 822,156.42,105.32,321.83
26344,강원특별자치도 원주시 우무개로 131,127.15,105.32,321.83
26343,강원특별자치도 원주시 북원로2485번길 14,118.64,105.32,321.83
26338,강원특별자치도 원주시 유원길 17,118.92,105.32,321.83
26345,강원특별자치도 원주시 우무개로 83,127.22,105.32,321.83
26341,강원특별자치도 원주시 진광길 37,118.19,105.32,321.83
26337,강원특별자치도 원주시 북원로 2561,117.76,105.32,321.83
26335,강원특별자치도 원주시 우산로 288,117.82,105.32,321.83
26336,강원특별자치도 원주시 우산공단길 26,117.92,105.32,321.83
26342,강원특별자치도 원주시 상지대길 33,118.43,105.32,321.83
26405,강원특별자치도 원주시 우무개로 131,127.15,105.32,321.83
26340,강원특별자치도 원주시 우산초교길 68,118.95,105.32,321.83
26339,강원특별자치도 원주시 상지대길 83,119.43,105.32,321.83
26432,강원특별자치도 원주시 무실로47번길 7,133.45,105.32,321.83
26433,강원특별자치도 원주시 무실로47번길 23,133.47,105.32,321.83
26431,강원특별자치도 원주시 일산로 71,133.68,105.32,321.83
26429,강원특별자치도 원주시 중앙로 31,134.01,105.32,321.83
26427,강원특별자치도 원주시 일산로 33,133.96,105.32,321.83
26425,강원특별자치도 원주시 남산로 118,133.44,105.32,321.83
26417,강원특별자치도 원주시 남산로 142,133.17,105.32,321.83
26428,강원특별자치도 원주시 원일로 137,133.82,105.32,321.83
26426,강원특별자치도 원주시 일산로 20,133.98,105.32,321.83
26415,강원특별자치도 원주시 천사로 223,120.35,105.32,321.83
26355,강원특별자치도 원주시 자작길 8,108.8,105.32,321.83
26354,강원특별자치도 원주시 신지정로 153,109.17,105.32,321.83
26352,강원특별자치도 원주시 신평로 183,109.98,105.32,321.83
26346,강원특별자치도 원주시 능마루길 4,109.59,105.32,321.83
26353,강원특별자치도 원주시 가곡로 59,109.63,105.32,321.83
26359,강원특별자치도 원주시 지정로 156,121.27,105.32,321.83
26356,강원특별자치도 원주시 보통로 567,114.81,105.32,321.83
26348,강원특별자치도 원주시 신무로 336,111.07,105.32,321.83
26351,강원특별자치도 원주시 도원로 134,110.3,105.32,321.83
26301,강원특별자치도 원주시 신평석화로 123,111.06,105.32,321.83
26347,강원특별자치도 원주시 신지정로 408,110.2,105.32,321.83
26350,강원특별자치도 원주시 청정로 46,110.74,105.32,321.83
26358,강원특별자치도 원주시 가마골길 21,105.32,105.32,321.83
26357,강원특별자치도 원주시 월송석화로 428,107.72,105.32,321.83
26312,강원특별자치도 원주시 적동1길 6,115.13,105.32,321.83
26323,강원특별자치도 원주시 육판길 59,120.49,105.32,321.83
26316,강원특별자치도 원주시 북원로2738번길 35,116.53,105.32,321.83
26318,강원특별자치도 원주시 흥양로102번길 12,114.82,105.32,321.83
26321,강원특별자치도 원주시 포란재로 36,115.8,105.32,321.83
26322,강원특별자치도 원주시 현충로 234,117.85,105.32,321.83
26320,강원특별자치도 원주시 북원로 2636,117.65,105.32,321.83
26325,강원특별자치도 원주시 치악로 2039,136.54,105.32,321.83
26324,강원특별자치도 원주시 현충로58번길 71,117.51,105.32,321.83
26313,강원특별자치도 원주시 북원로 2744,117.18,105.32,321.83
26509,강원특별자치도 원주시 소일마을2길 11,119.91,105.32,321.83
26326,강원특별자치도 원주시 현충로 53,119.47,105.32,321.83
26317,강원특별자치도 원주시 태장둔치길 143,115.09,105.32,321.83
26319,강원특별자치도 원주시 북원로2685번길 25,116.77,105.32,321.83
26504,강원특별자치도 원주시 금대길 185,139.25,105.32,321.83
26402,강원특별자치도 원주시 백운정길 87,131.18,105.32,321.83
26401,강원특별자치도 원주시 서곡길 188,135.05,105.32,321.83
26430,강원특별자치도 원주시 자유시장길 43,136.29,105.32,321.83
26414,강원특별자치도 원주시 평원로 84,120.27,105.32,321.83
26412,강원특별자치도 원주시 학성길 67,134.15,105.32,321.83
26332,강원특별자치도 원주시 정지길 222,119.95,105.32,321.83
26416,강원특별자치도 원주시 유문1길 20,133.97,105.32,321.83
26302,강원특별자치도 원주시 호저로 1305,121.37,105.32,321.83
26377,강원특별자치도 원주시 중부동3길 48,123.96,105.32,321.83
26376,강원특별자치도 원주시 하만종2길 55,125.54,105.32,321.83
26300,강원특별자치도 원주시 새매기길 12,112.32,105.32,321.83
26303,강원특별자치도 원주시 호저로 437,116.44,105.32,321.83
26492,강원특별자치도 원주시 대안로 836,127.21,105.32,321.83
26494,강원특별자치도 원주시 무수막1길 5,128.99,105.32,321.83
26493,강원특별자치도 원주시 연세대길 1,130.38,105.32,321.83
26403,강원특별자치도 원주시 울업1길 33,133.1,105.32,321.83
26404,강원특별자치도 원주시 사제로 101,127.3,105.32,321.83
24656,강원특별자치도 인제군 방태산길 219,194.17,105.32,321.83
24655,강원특별자치도 인제군 운이덕길 261,191.03,105.32,321.83
24654,강원특별자치도 인제군 내린천로 4882,193.77,105.32,321.83
24663,강원특별자치도 인제군 머구너미길 174,190.46,105.32,321.83
24653,강원특별자치도 인제군 조침령로 1436,198.74,105.32,321.83
24661,강원특별자치도 인제군 하마로길 13,184.45,105.32,321.83
24659,강원특별자치도 인제군 기린로 12,184.97,105.32,321.83
24660,강원특별자치도 인제군 기린로62번길 19,185.66,105.32,321.83
24662,강원특별자치도 인제군 덕다리길 29,184.27,105.32,321.83
24657,강원특별자치도 인제군 내린천로 3481,179.81,105.32,321.83
24658,강원특별자치도 인제군 조침령로 214,186.49,105.32,321.83
24652,강원특별자치도 인제군 김부대왕로 835,173.75,105.32,321.83
24645,강원특별자치도 인제군 관대두무로 544,181.55,105.32,321.83
24668,강원특별자치도 인제군 자작나무숲길 56,176.22,105.32,321.83
24646,강원특별자치도 인제군 설악로 939,175.37,105.32,321.83
24647,강원특별자치도 인제군 삼팔선로 1641,173.35,105.32,321.83
24649,강원특별자치도 인제군 신남로58번길 37,168.99,105.32,321.83
24650,강원특별자치도 인제군 신남로46번길 14,168.73,105.32,321.83
24648,강원특별자치도 인제군 신남로93번길 10,169.23,105.32,321.83
24651,강원특별자치도 인제군 설악로 391,166.26,105.32,321.83
24606,강원특별자치도 인제군 만해로 410,251.03,105.32,321.83
24605,강원특별자치도 인제군 미시령로 1241,252.08,105.32,321.83
24620,강원특별자치도 인제군 원통로 97,190.92,105.32,321.83
24608,강원특별자치도 인제군 어두원길 120,195.12,105.32,321.83
24616,강원특별자치도 인제군 금강로4번길 19,191.39,105.32,321.83
24622,강원특별자치도 인제군 갈골로1길 6,192.18,105.32,321.83
24619,강원특별자치도 인제군 금강로33번길 51,191.23,105.32,321.83
24621,강원특별자치도 인제군 원통로74번길 44,190.97,105.32,321.83
24614,강원특별자치도 인제군 원통로315번길 4,193.83,105.32,321.83
24615,강원특별자치도 인제군 원통로316번길 8,192.5,105.32,321.83
24612,강원특별자치도 인제군 원통로 157,192.03,105.32,321.83
24617,강원특별자치도 인제군 원통로178번길 13,191.65,105.32,321.83
24613,강원특별자치도 인제군 금강로 62,191.86,105.32,321.83
24618,강원특별자치도 인제군 금강로17번길 7,191.43,105.32,321.83
24610,강원특별자치도 인제군 냇강마을안길 42,195.21,105.32,321.83
24609,강원특별자치도 인제군 풍전동길 13,199.07,105.32,321.83
24611,강원특별자치도 인제군 냇강마을로 170,196.39,105.32,321.83
24607,강원특별자치도 인제군 설악로 3578,198.41,105.32,321.83
24664,강원특별자치도 인제군 김부대왕로 1305,178.43,105.32,321.83
24666,강원특별자치도 인제군 내린천로 1385,197.96,105.32,321.83
24665,강원특별자치도 인제군 미덕길 43,181.79,105.32,321.83
24600,강원특별자치도 인제군 금강로 1674,207.87,105.32,321.83
24604,강원특별자치도 인제군 금강로 1051,201.69,105.32,321.83
24667,강원특별자치도 인제군 천도촌1길 19,206.28,105.32,321.83
24602,강원특별자치도 인제군 천도양지길 213,205.42,105.32,321.83
24601,강원특별자치도 인제군 천도로138번길 9,205.76,105.32,321.83
24603,강원특별자치도 인제군 천도로 58,204.86,105.32,321.83
24643,강원특별자치도 인제군 한석산로 1737,201.4,105.32,321.83
24623,강원특별자치도 인제군 새덕길 60,200.91,105.32,321.83
24640,강원특별자치도 인제군 내린천로 6261,190.16,105.32,321.83
24644,강원특별자치도 인제군 오작로 92,197.31,105.32,321.83
24624,강원특별자치도 인제군 인제로 109,183.03,105.32,321.83
24638,강원특별자치도 인제군 살구미길 76,182.7,105.32,321.83
24625,강원특별자치도 인제군 비봉로30번길 58,183.29,105.32,321.83
24633,강원특별자치도 인제군 인제로140번길 32,183.15,105.32,321.83
24627,강원특별자치도 인제군 내린천로 6766,185.29,105.32,321.83
24641,강원특별자치도 인제군 한석산로 477,191.07,105.32,321.83
24632,강원특별자치도 인제군 인제로168번길 12,183.63,105.32,321.83
24630,강원특별자치도 인제군 인제로231번길 14,184.43,105.32,321.83
24635,강원특별자치도 인제군 비봉로15번길 3,183.81,105.32,321.83
24631,강원특별자치도 인제군 인제로193번길 35,184.32,105.32,321.83
24634,강원특별자치도 인제군 비봉로30번길 17,183.88,105.32,321.83
24636,강원특별자치도 인제군 인제로228번길 6,183.98,105.32,321.83
24637,강원특별자치도 인제군 인제로 242,184.4,105.32,321.83
24639,강원특별자치도 인제군 안삽재길 204,220.12,105.32,321.83
24642,강원특별자치도 인제군 싸리목길 150,204.68,105.32,321.83
24628,강원특별자치도 인제군 인제로 301,185.02,105.32,321.83
24629,강원특별자치도 인제군 인제로 255,184.62,105.32,321.83
24626,강원특별자치도 인제군 이평로 176,188.57,105.32,321.83
26155,강원특별자치도 정선군 고토일길 268,244.58,105.32,321.83
26156,강원특별자치도 정선군 소두문동길 147,248.05,105.32,321.83
26157,강원특별자치도 정선군 함백산로 1454,247.31,105.32,321.83
26154,강원특별자치도 정선군 고한7길 399,250.83,105.32,321.83
26143,강원특별자치도 정선군 채운길 153,232.91,105.32,321.83
26146,강원특별자치도 정선군 무릉1로 85,233.84,105.32,321.83
26147,강원특별자치도 정선군 지장천로 76,234.6,105.32,321.83
26148,강원특별자치도 정선군 강원남로 5242,232.97,105.32,321.83
26145,강원특별자치도 정선군 강원남로 4510,226.05,105.32,321.83
26144,강원특별자치도 정선군 칠현로 170,217.64,105.32,321.83
26100,강원특별자치도 정선군 야미동길 2,217.14,105.32,321.83
26103,강원특별자치도 정선군 문화마을길 33,216.45,105.32,321.83
26101,강원특별자치도 정선군 북평1길 35,216.19,105.32,321.83
26102,강원특별자치도 정선군 서동로 2393,221.33,105.32,321.83
26150,강원특별자치도 정선군 사북중앙로 68,239.05,105.32,321.83
26153,강원특별자치도 정선군 도사곡길 21,240.25,105.32,321.83
26151,강원특별자치도 정선군 사북6길 25,238.87,105.32,321.83
26152,강원특별자치도 정선군 사북1길 55,238.42,105.32,321.83
26149,강원특별자치도 정선군 직전로 763,232.57,105.32,321.83
26138,강원특별자치도 정선군 웃가사길 2,219.72,105.32,321.83
26136,강원특별자치도 정선군 동강로 780,223.82,105.32,321.83
26139,강원특별자치도 정선군 매화동길 160,223.02,105.32,321.83
26140,강원특별자치도 정선군 두위봉길 50,221.23,105.32,321.83
26142,강원특별자치도 정선군 의림로 240,215.41,105.32,321.83
26137,강원특별자치도 정선군 번들길 53,228.78,105.32,321.83
26134,강원특별자치도 정선군 가탄아랫말길 6,233.67,105.32,321.83
26141,강원특별자치도 정선군 새골3길 11,219.44,105.32,321.83
26108,강원특별자치도 정선군 효행길 81,227.42,105.32,321.83
26104,강원특별자치도 정선군 자개길 556,207.66,105.32,321.83
26109,강원특별자치도 정선군 서동로 3867,232.57,105.32,321.83
26105,강원특별자치도 정선군 되골길 30,228.59,105.32,321.83
26107,강원특별자치도 정선군 봉정안길 194,230.55,105.32,321.83
26106,강원특별자치도 정선군 고양로 11,223.21,105.32,321.83
26112,강원특별자치도 정선군 부수배리길 129,272.22,105.32,321.83
26113,강원특별자치도 정선군 미락동안길 139,259.03,105.32,321.83
26114,강원특별자치도 정선군 무낼길 131,263.48,105.32,321.83
26110,강원특별자치도 정선군 서동로 4584,254.25,105.32,321.83
26111,강원특별자치도 정선군 새벼리길 137,256.03,105.32,321.83
26133,강원특별자치도 정선군 소탄길 67,194.95,105.32,321.83
26121,강원특별자치도 정선군 송오다래길 412,222.93,105.32,321.83
26124,강원특별자치도 정선군 대촌길 34,230.26,105.32,321.83
26123,강원특별자치도 정선군 덕산기길 663,236.09,105.32,321.83
26129,강원특별자치도 정선군 봉양6길 47,223.84,105.32,321.83
26131,강원특별자치도 정선군 비봉로 6,223.94,105.32,321.83
26122,강원특별자치도 정선군 녹송5길 42,223.03,105.32,321.83
26130,강원특별자치도 정선군 5일장길 37,223.5,105.32,321.83
26120,강원특별자치도 정선군 동곡길 62,228.78,105.32,321.83
26128,강원특별자치도 정선군 녹송6길 30,222.94,105.32,321.83
26127,강원특별자치도 정선군 녹송로 23,223.99,105.32,321.83
26126,강원특별자치도 정선군 녹송로 74,223.12,105.32,321.83
26135,강원특별자치도 정선군 북실안길 114,225.81,105.32,321.83
26132,강원특별자치도 정선군 북실안길 16,225.04,105.32,321.83
26125,강원특별자치도 정선군 애산로 53,224.04,105.32,321.83
26119,강원특별자치도 정선군 안마을길 18,201.59,105.32,321.83
26117,강원특별자치도 정선군 소일길 123,248.39,105.32,321.83
26118,강원특별자치도 정선군 대지산길 22,247.02,105.32,321.83
26115,강원특별자치도 정선군 함바위길 219,259.48,105.32,321.83
26116,강원특별자치도 정선군 소금강로 530,245.45,105.32,321.83
24046,강원특별자치도 철원군 호국로 4371,132.32,105.32,321.83
24034,강원특별자치도 철원군 호국로 4914,137.3,105.32,321.83
24035,강원특별자치도 철원군 동온동2길 314,137.13,105.32,321.83
24032,강원특별자치도 철원군 갈말로 45,137.77,105.32,321.83
24051,강원특별자치도 철원군 군탄로 97,136.68,105.32,321.83
24036,강원특별자치도 철원군 호국로 4749,137.55,105.32,321.83
24037,강원특별자치도 철원군 군탄로8번길 14,135.86,105.32,321.83
24028,강원특별자치도 철원군 내대2길 8,143.96,105.32,321.83
24031,강원특별자치도 철원군 두루미로 213,142.04,105.32,321.83
24030,강원특별자치도 철원군 태봉로 1182,143.2,105.32,321.83
24033,강원특별자치도 철원군 아랫삼성길 43,138.23,105.32,321.83
24023,강원특별자치도 철원군 태봉대교길 153,140.64,105.32,321.83
24038,강원특별자치도 철원군 명성로174번길 17,135.83,105.32,321.83
24047,강원특별자치도 철원군 삼부연로 92,136.29,105.32,321.83
24049,강원특별자치도 철원군 삼부연로18번길 7,135.67,105.32,321.83
24050,강원특별자치도 철원군 삼부연로 64,136.03,105.32,321.83
24042,강원특별자치도 철원군 명성로158번길 18,135.6,105.32,321.83
24048,강원특별자치도 철원군 명성로 144,135.41,105.32,321.83
24041,강원특별자치도 철원군 명성로158번길 11,135.96,105.32,321.83
24039,강원특별자치도 철원군 명성로174번길 43,136.13,105.32,321.83
24040,강원특별자치도 철원군 삼부연로 59,136.2,105.32,321.83
24009,강원특별자치도 철원군 정연길 137,146.26,105.32,321.83
24029,강원특별자치도 철원군 지경안길 22,146.79,105.32,321.83
24043,강원특별자치도 철원군 명성로 155,135.53,105.32,321.83
24045,강원특별자치도 철원군 명성로139번길 13,135.38,105.32,321.83
24044,강원특별자치도 철원군 명성로139번길 14,135.9,105.32,321.83
24054,강원특별자치도 철원군 도창로 167,148.3,105.32,321.83
24063,강원특별자치도 철원군 영서로 9155,167.81,105.32,321.83
24064,강원특별자치도 철원군 대성로 83,158.51,105.32,321.83
24065,강원특별자치도 철원군 하오재로 1018,125.43,105.32,321.83
24052,강원특별자치도 철원군 유곡로 513,153.92,105.32,321.83
24053,강원특별자치도 철원군 생창길 494,158.21,105.32,321.83
24055,강원특별자치도 철원군 망경동길 74,151.67,105.32,321.83
24010,강원특별자치도 철원군 금강산로 556,136.6,105.32,321.83
24001,강원특별자치도 철원군 금학로 622,135.93,105.32,321.83
24027,강원특별자치도 철원군 상노1길 48,133.28,105.32,321.83
24026,강원특별자치도 철원군 담터길 350,133.62,105.32,321.83
24003,강원특별자치도 철원군 태봉로 2650,134.28,105.32,321.83
24024,강원특별자치도 철원군 북원로 1120,135.32,105.32,321.83
24025,강원특별자치도 철원군 오지3길 9,135.58,105.32,321.83
24014,강원특별자치도 철원군 금학로 225,138.47,105.32,321.83
24019,강원특별자치도 철원군 이평1로69번길 55,138.15,105.32,321.83
24017,강원특별자치도 철원군 이평3로 97,138.09,105.32,321.83
24020,강원특별자치도 철원군 금학로59번길 27,137.07,105.32,321.83
24018,강원특별자치도 철원군 금학로187번안길 15,138.42,105.32,321.83
24016,강원특별자치도 철원군 이평2로 35,138.57,105.32,321.83
24021,강원특별자치도 철원군 금학로98번길 7,137.41,105.32,321.83
24013,강원특별자치도 철원군 이평로111번길 36,138.94,105.32,321.83
24022,강원특별자치도 철원군 북원로 1298,137.62,105.32,321.83
24011,강원특별자치도 철원군 이평로46번길 16,135.47,105.32,321.83
24012,강원특별자치도 철원군 이평로100번길 4,138.98,105.32,321.83
24015,강원특별자치도 철원군 이평3로 131,138.29,105.32,321.83
24058,강원특별자치도 철원군 와수로166번길 6,128.94,105.32,321.83
24061,강원특별자치도 철원군 와수로 17,129.58,105.32,321.83
24057,강원특별자치도 철원군 아리랑로63번길 18,155.46,105.32,321.83
24056,강원특별자치도 철원군 약수로 141,156.04,105.32,321.83
24059,강원특별자치도 철원군 와수1로19번길 3,155.26,105.32,321.83
24060,강원특별자치도 철원군 와수1로19번길 58,155.88,105.32,321.83
24062,강원특별자치도 철원군 금강로 7819,120.34,105.32,321.83
24000,강원특별자치도 철원군 대마1길 34,132.16,105.32,321.83
24002,강원특별자치도 철원군 평화백마길 90,130.63,105.32,321.83
24008,강원특별자치도 철원군 화지로24번안길 36,135.75,105.32,321.83
24005,강원특별자치도 철원군 금학로290번길 15,134.99,105.32,321.83
24006,강원특별자치도 철원군 금학로279번길 12,135.01,105.32,321.83
24007,강원특별자치도 철원군 금학로 286,134.9,105.32,321.83
24004,강원특별자치도 철원군 금학로339번길 12,134.48,105.32,321.83
24262,강원특별자치도 춘천시 교동길 57,137.49,105.32,321.83
24259,강원특별자치도 춘천시 교동길 48,137.34,105.32,321.83
24261,강원특별자치도 춘천시 교동길 24,137.25,105.32,321.83
24264,강원특별자치도 춘천시 향교옆길 19,137.88,105.32,321.83
24263,강원특별자치도 춘천시 봉의산길22번길 28,137.98,105.32,321.83
24253,강원특별자치도 춘천시 삭주로 77,137.82,105.32,321.83
24258,강원특별자치도 춘천시 성심로 5,137.69,105.32,321.83
24275,강원특별자치도 춘천시 공지로 502,137.59,105.32,321.83
24246,강원특별자치도 춘천시 중앙로194번길 17,137.24,105.32,321.83
24238,강원특별자치도 춘천시 영서로 2503,138.88,105.32,321.83
24244,강원특별자치도 춘천시 공지로 617,140.3,105.32,321.83
24359,강원특별자치도 춘천시 공지로 452,136.32,105.32,321.83
24245,강원특별자치도 춘천시 영서로2452번길 17,137.63,105.32,321.83
24360,강원특별자치도 춘천시 방송길36번길 53,136.1,105.32,321.83
24242,강원특별자치도 춘천시 공지로 676,139.79,105.32,321.83
24241,강원특별자치도 춘천시 당간지주길74번길 9,139.8,105.32,321.83
24276,강원특별자치도 춘천시 가연길5번길 41,137.56,105.32,321.83
24243,강원특별자치도 춘천시 공지로 510,137.66,105.32,321.83
24428,강원특별자치도 춘천시 옛경춘로 880,136.94,105.32,321.83
24239,강원특별자치도 춘천시 영서로 2663,140.19,105.32,321.83
24361,강원특별자치도 춘천시 근화길15번길 26,136.02,105.32,321.83
24274,강원특별자치도 춘천시 중앙로68번길 15,136.83,105.32,321.83
24273,강원특별자치도 춘천시 중앙로68번길 8,136.76,105.32,321.83
24272,강원특별자치도 춘천시 소양고개길 48,137.17,105.32,321.83
24468,강원특별자치도 춘천시 박암관천길 37,116.52,105.32,321.83
24469,강원특별자치도 춘천시 한덕발산길 91,114.36,105.32,321.83
24465,강원특별자치도 춘천시 말골길 299,122.89,105.32,321.83
24464,강원특별자치도 춘천시 북한강변길 690,124.29,105.32,321.83
24466,강원특별자치도 춘천시 구은동길 79,123.49,105.32,321.83
24409,강원특별자치도 춘천시 종자리로 29,120.03,105.32,321.83
24467,강원특별자치도 춘천시 산수길 236,128.26,105.32,321.83
24399,강원특별자치도 춘천시 금촌로 179,141.22,105.32,321.83
24398,강원특별자치도 춘천시 거두단지1길 52,141.44,105.32,321.83
24402,강원특별자치도 춘천시 춘천순환로 136,140.87,105.32,321.83
24400,강원특별자치도 춘천시 세실로 62,141.83,105.32,321.83
24401,강원특별자치도 춘천시 외솔길19번길 80,141.2,105.32,321.83
24405,강원특별자치도 춘천시 거두택지길14번길 18,139.95,105.32,321.83
24404,강원특별자치도 춘천시 공지로 70,140.21,105.32,321.83
24406,강원특별자치도 춘천시 춘천순환로94번길 49,140.06,105.32,321.83
24403,강원특별자치도 춘천시 춘천순환로94번길 12,140.32,105.32,321.83
24407,강원특별자치도 춘천시 동내로 168,139.41,105.32,321.83
24408,강원특별자치도 춘천시 대룡산길 145,134.24,105.32,321.83
24473,강원특별자치도 춘천시 학곡지구길 71,133.06,105.32,321.83
24212,강원특별자치도 춘천시 가락재로 164,146.25,105.32,321.83
24211,강원특별자치도 춘천시 가락재로 45,145.99,105.32,321.83
24213,강원특별자치도 춘천시 춘천순환로 496,143.7,105.32,321.83
24217,강원특별자치도 춘천시 만천로 67,143.76,105.32,321.83
24215,강원특별자치도 춘천시 도일길 6,143.74,105.32,321.83
24218,강원특별자치도 춘천시 목골길 67,142.7,105.32,321.83
24214,강원특별자치도 춘천시 만천양지길 47,143.94,105.32,321.83
24216,강원특별자치도 춘천시 만천로143번길 46,143.57,105.32,321.83
24315,강원특별자치도 춘천시 서부대성로 446,143.26,105.32,321.83
24210,강원특별자치도 춘천시 소양강로 238,146.73,105.32,321.83
24233,강원특별자치도 춘천시 춘천로 439,144.99,105.32,321.83
24209,강원특별자치도 춘천시 소양강로 104,145.34,105.32,321.83
24232,강원특별자치도 춘천시 공단로70번길 20,145.7,105.32,321.83
24296,강원특별자치도 춘천시 춘천로 438,145.2,105.32,321.83
24410,강원특별자치도 춘천시 봉명길 95,126.43,105.32,321.83
24265,강원특별자치도 춘천시 봉의산길 23,137.61,105.32,321.83
24269,강원특별자치도 춘천시 서부대성로43번길 21,137.5,105.32,321.83
24249,강원특별자치도 춘천시 모수물길22번길 13,137.77,105.32,321.83
24266,강원특별자치도 춘천시 중앙로 1,137.56,105.32,321.83
24208,강원특별자치도 춘천시 내평길 366,176.3,105.32,321.83
24470,강원특별자치도 춘천시 더운샘길 61,173.75,105.32,321.83
24471,강원특별자치도 춘천시 물로길 527,172.79,105.32,321.83
24219,강원특별자치도 춘천시 우두로 27,149.39,105.32,321.83
24226,강원특별자치도 춘천시 영서로 2820,141.31,105.32,321.83
24235,강원특별자치도 춘천시 고산배터길 30,141.68,105.32,321.83
24221,강원특별자치도 춘천시 마장길 75,148.43,105.32,321.83
24207,강원특별자치도 춘천시 옥산포길 17,143.6,105.32,321.83
24222,강원특별자치도 춘천시 사우벌길 13,148.53,105.32,321.83
24224,강원특별자치도 춘천시 영서로 2900,141.97,105.32,321.83
24223,강원특별자치도 춘천시 사우로 27,148.72,105.32,321.83
24201,강원특별자치도 춘천시 가일길 290,167.05,105.32,321.83
24200,강원특별자치도 춘천시 토둔1길 56,172.79,105.32,321.83
24431,강원특별자치도 춘천시 옛경춘로 698,135.13,105.32,321.83
24472,강원특별자치도 춘천시 스포츠타운길 458,136.35,105.32,321.83
24461,강원특별자치도 춘천시 박사로 948,141.99,105.32,321.83
24460,강원특별자치도 춘천시 수정길 105,144.92,105.32,321.83
24463,강원특별자치도 춘천시 샛말길 293,127.57,105.32,321.83
24462,강원특별자치도 춘천시 덕두원길 161,136.84,105.32,321.83
24327,강원특별자치도 춘천시 외솔길 25,140.59,105.32,321.83
24391,강원특별자치도 춘천시 후석로 22,135.5,105.32,321.83
24325,강원특별자치도 춘천시 우석로 70,142.04,105.32,321.83
24319,강원특별자치도 춘천시 우석로101번길 20,142.25,105.32,321.83
24397,강원특별자치도 춘천시 공지로 43,139.86,105.32,321.83
24416,강원특별자치도 춘천시 영서로 1925,139.34,105.32,321.83
24321,강원특별자치도 춘천시 후석로186번길 25,144.39,105.32,321.83
24389,강원특별자치도 춘천시 석사길 10,140.89,105.32,321.83
24396,강원특별자치도 춘천시 공지로 69,140.42,105.32,321.83
24395,강원특별자치도 춘천시 춘천순환로 42,140.43,105.32,321.83
24317,강원특별자치도 춘천시 우석로101번길 83,144.11,105.32,321.83
24381,강원특별자치도 춘천시 효석로67번길 25,141.56,105.32,321.83
24318,강원특별자치도 춘천시 우석로101번길 86,144.13,105.32,321.83
24387,강원특별자치도 춘천시 후석로 48,141.32,105.32,321.83
24326,강원특별자치도 춘천시 우석로 39,142.85,105.32,321.83
24413,강원특별자치도 춘천시 지석로 47,135.32,105.32,321.83
24417,강원특별자치도 춘천시 안마산로 290,140.68,105.32,321.83
24320,강원특별자치도 춘천시 우석로101번길 17,144.41,105.32,321.83
24322,강원특별자치도 춘천시 후석로186번길 9,144.59,105.32,321.83
24316,강원특별자치도 춘천시 서부대성로 332,144.21,105.32,321.83
24328,강원특별자치도 춘천시 공지로 126,140.88,105.32,321.83
24392,강원특별자치도 춘천시 퇴계로 220,135.62,105.32,321.83
24393,강원특별자치도 춘천시 퇴계로 244,140.7,105.32,321.83
24415,강원특별자치도 춘천시 지석로 97,140.29,105.32,321.83
24414,강원특별자치도 춘천시 지석로 67,140.74,105.32,321.83
24390,강원특별자치도 춘천시 퇴계로 235,140.72,105.32,321.83
24394,강원특별자치도 춘천시 새롬공원길9번길 5,140.34,105.32,321.83
24324,강원특별자치도 춘천시 우석로63번길 6,142.66,105.32,321.83
24382,강원특별자치도 춘천시 후석로45번길 23,141.46,105.32,321.83
24384,강원특별자치도 춘천시 후석로45번길 24,141.49,105.32,321.83
24383,강원특별자치도 춘천시 후석로45번길 36,141.6,105.32,321.83
24385,강원특별자치도 춘천시 효석로89번길 12,141.42,105.32,321.83
24323,강원특별자치도 춘천시 애막골길7번길 5,142.03,105.32,321.83
24388,강원특별자치도 춘천시 후석로46번길 28,140.87,105.32,321.83
24345,강원특별자치도 춘천시 후석로 81,141.28,105.32,321.83
24378,강원특별자치도 춘천시 퇴계로 188,141.42,105.32,321.83
24386,강원특별자치도 춘천시 퇴계로 187,135.49,105.32,321.83
24248,강원특별자치도 춘천시 소양정길 31,140.56,105.32,321.83
24247,강원특별자치도 춘천시 소양로 206,138.32,105.32,321.83
24267,강원특별자치도 춘천시 모수물길 60,138.1,105.32,321.83
24268,강원특별자치도 춘천시 소양로 170,137.9,105.32,321.83
24271,강원특별자치도 춘천시 소양고개길 23,137.86,105.32,321.83
24411,강원특별자치도 춘천시 의암길 13,132.74,105.32,321.83
24412,강원특별자치도 춘천시 정족2길 88,134.51,105.32,321.83
24203,강원특별자치도 춘천시 맥국길 602,154.8,105.32,321.83
24202,강원특별자치도 춘천시 영서로 3659,162.51,105.32,321.83
24206,강원특별자치도 춘천시 신샘밭로 363,151.59,105.32,321.83
24205,강원특별자치도 춘천시 문정3길 22,151.28,105.32,321.83
24204,강원특별자치도 춘천시 맥국길 79,155.05,105.32,321.83
24357,강원특별자치도 춘천시 망대길 43,136.08,105.32,321.83
24358,강원특별자치도 춘천시 망대길 38,136.13,105.32,321.83
24355,강원특별자치도 춘천시 중앙로67번길 57,136.44,105.32,321.83
24362,강원특별자치도 춘천시 방송길 41,135.85,105.32,321.83
24356,강원특별자치도 춘천시 춘천로81번길 16,135.78,105.32,321.83
24346,강원특별자치도 춘천시 중앙로27번길 5,137.2,105.32,321.83
24252,강원특별자치도 춘천시 한림대학길 1,138.62,105.32,321.83
24347,강원특별자치도 춘천시 시청길 11,137.17,105.32,321.83
24363,강원특별자치도 춘천시 방송길 109,135.08,105.32,321.83
24436,강원특별자치도 춘천시 충혼길24번길 11,134.83,105.32,321.83
24437,강원특별자치도 춘천시 충혼길44번길 17,134.57,105.32,321.83
24438,강원특별자치도 춘천시 충혼길52번길 11,134.55,105.32,321.83
24364,강원특별자치도 춘천시 영서로 2352,135.52,105.32,321.83
24455,강원특별자치도 춘천시 안마산로 34,134.4,105.32,321.83
24435,강원특별자치도 춘천시 경춘로 2341,134.64,105.32,321.83
24433,강원특별자치도 춘천시 영서로 2329,135.67,105.32,321.83
24429,강원특별자치도 춘천시 스포츠타운길 529,135.65,105.32,321.83
24430,강원특별자치도 춘천시 스포츠타운길 501,135.29,105.32,321.83
24434,강원특별자치도 춘천시 영서로 2317,135.25,105.32,321.83
24439,강원특별자치도 춘천시 충혼길 55,134.93,105.32,321.83
24440,강원특별자치도 춘천시 충혼길 33,134.65,105.32,321.83
24270,강원특별자치도 춘천시 서부대성로43번길 14,137.42,105.32,321.83
24220,강원특별자치도 춘천시 충열로 264,148.59,105.32,321.83
24230,강원특별자치도 춘천시 충열로 30,140.8,105.32,321.83
24227,강원특별자치도 춘천시 우두강둑길 138,147.94,105.32,321.83
24229,강원특별자치도 춘천시 새청말길 51,148.36,105.32,321.83
24225,강원특별자치도 춘천시 충열로 29,141.23,105.32,321.83
24228,강원특별자치도 춘천시 충열로 80,148.47,105.32,321.83
24236,강원특별자치도 춘천시 영서로 2793,140.89,105.32,321.83
24231,강원특별자치도 춘천시 충열로20번길 8,140.71,105.32,321.83
24237,강원특별자치도 춘천시 영서로 2763,140.81,105.32,321.83
24350,강원특별자치도 춘천시 서부대성로 136,136.85,105.32,321.83
24260,강원특별자치도 춘천시 서부대성로 133,136.91,105.32,321.83
24349,강원특별자치도 춘천시 서부대성로 108,137.16,105.32,321.83
24335,강원특별자치도 춘천시 운천길 28,136.45,105.32,321.83
24351,강원특별자치도 춘천시 운교길6번길 17,136.83,105.32,321.83
24329,강원특별자치도 춘천시 춘천로170번길 10,136.55,105.32,321.83
24352,강원특별자치도 춘천시 금강로 101,136.57,105.32,321.83
24353,강원특별자치도 춘천시 금강로 82,137.1,105.32,321.83
24348,강원특별자치도 춘천시 서부대성로88번길 6,137.5,105.32,321.83
24354,강원특별자치도 춘천시 명동길 27,136.64,105.32,321.83
24240,강원특별자치도 춘천시 상중도길 77,142.36,105.32,321.83
24456,강원특별자치도 춘천시 칠전동2길 6,132.34,105.32,321.83
24459,강원특별자치도 춘천시 옛경춘로 468,135.67,105.32,321.83
24458,강원특별자치도 춘천시 옛경춘로 492,132.79,105.32,321.83
24457,강원특별자치도 춘천시 칠전서길 11,132.97,105.32,321.83
24377,강원특별자치도 춘천시 퇴계로 118,135.99,105.32,321.83
24453,강원특별자치도 춘천시 행촌로 14,134.73,105.32,321.83
24441,강원특별자치도 춘천시 춘주로 131,134.8,105.32,321.83
24420,강원특별자치도 춘천시 퇴계농공로 36,140.53,105.32,321.83
24422,강원특별자치도 춘천시 김유정로 1866,134.67,105.32,321.83
24451,강원특별자치도 춘천시 춘주로147번길 16,135.22,105.32,321.83
24379,강원특별자치도 춘천시 퇴계로145번길 4,135.38,105.32,321.83
24426,강원특별자치도 춘천시 승지골길16번길 16,135.81,105.32,321.83
24418,강원특별자치도 춘천시 승지골길16번길 48,140.68,105.32,321.83
24425,강원특별자치도 춘천시 안마산로 246,135.47,105.32,321.83
24424,강원특별자치도 춘천시 안마산로 214,134.79,105.32,321.83
24449,강원특별자치도 춘천시 춘주로 176,135.89,105.32,321.83
24375,강원특별자치도 춘천시 남춘천새길 11,136.25,105.32,321.83
24369,강원특별자치도 춘천시 남춘로5번길 17,135.79,105.32,321.83
24454,강원특별자치도 춘천시 행촌로 11,134.66,105.32,321.83
24421,강원특별자치도 춘천시 안마산로 217,134.93,105.32,321.83
24452,강원특별자치도 춘천시 춘주로 150,134.96,105.32,321.83
24423,강원특별자치도 춘천시 김유정로 1840,134.56,105.32,321.83
24446,강원특별자치도 춘천시 국사봉길 7,135.62,105.32,321.83
24367,강원특별자치도 춘천시 우묵길78번길 25,135.65,105.32,321.83
24432,강원특별자치도 춘천시 영서로2141번길 33,134.93,105.32,321.83
24427,강원특별자치도 춘천시 안마산로 262,135.35,105.32,321.83
24442,강원특별자치도 춘천시 춘주로 145,134.98,105.32,321.83
24448,강원특별자치도 춘천시 영서로2151번길 16,136.16,105.32,321.83
24447,강원특별자치도 춘천시 영서로 2169,135.54,105.32,321.83
24370,강원특별자치도 춘천시 퇴계로 79,135.76,105.32,321.83
24445,강원특별자치도 춘천시 영서로 2195,135.37,105.32,321.83
24376,강원특별자치도 춘천시 남춘로 20,135.83,105.32,321.83
24450,강원특별자치도 춘천시 춘주로 174,135.28,105.32,321.83
24368,강원특별자치도 춘천시 영서로 2260,135.63,105.32,321.83
24419,강원특별자치도 춘천시 승지골길16번길 47,140.57,105.32,321.83
24380,강원특별자치도 춘천시 퇴계로 129,136.29,105.32,321.83
24443,강원특별자치도 춘천시 춘주로201번길 16,135.21,105.32,321.83
24331,강원특별자치도 춘천시 서부대성로 168,136.86,105.32,321.83
24342,강원특별자치도 춘천시 청운길 41,136.33,105.32,321.83
24338,강원특별자치도 춘천시 공지로 300,136.45,105.32,321.83
24336,강원특별자치도 춘천시 효자상길5번길 11,135.91,105.32,321.83
24373,강원특별자치도 춘천시 남춘로 54,136.14,105.32,321.83
24293,강원특별자치도 춘천시 춘천로 198,137,105.32,321.83
24333,강원특별자치도 춘천시 둥지길 50,142.76,105.32,321.83
24372,강원특별자치도 춘천시 공지로 305,136.22,105.32,321.83
24295,강원특별자치도 춘천시 두하길 8,137.21,105.32,321.83
24366,강원특별자치도 춘천시 춘천로64번길 31,136.36,105.32,321.83
24334,강원특별자치도 춘천시 효자로124번길 14,136.8,105.32,321.83
24343,강원특별자치도 춘천시 공지로218번길 6,141.58,105.32,321.83
24340,강원특별자치도 춘천시 백령로75번길 7,142.41,105.32,321.83
24341,강원특별자치도 춘천시 강원대학길 1,142.56,105.32,321.83
24289,강원특별자치도 춘천시 백령로 156,137.85,105.32,321.83
24365,강원특별자치도 춘천시 공지로 361,135.7,105.32,321.83
24371,강원특별자치도 춘천시 공지로317번길 11,136.28,105.32,321.83
24290,강원특별자치도 춘천시 성심로 77,137.45,105.32,321.83
24339,강원특별자치도 춘천시 효자로92번길 5,136.41,105.32,321.83
24294,강원특별자치도 춘천시 서부대성로 179,137.2,105.32,321.83
24287,강원특별자치도 춘천시 서부대성로 255,144.88,105.32,321.83
24344,강원특별자치도 춘천시 공지로 234,141.99,105.32,321.83
24374,강원특별자치도 춘천시 남춘천새길41번길 12,136.38,105.32,321.83
24257,강원특별자치도 춘천시 춘천로 249,137.48,105.32,321.83
24337,강원특별자치도 춘천시 효명길 8,135.66,105.32,321.83
24332,강원특별자치도 춘천시 백령로107번길 7,142.91,105.32,321.83
24292,강원특별자치도 춘천시 춘천로296번길 60,137.46,105.32,321.83
24330,강원특별자치도 춘천시 효자로 150,136.85,105.32,321.83
24288,강원특별자치도 춘천시 서부대성로227번길 29,145.09,105.32,321.83
24304,강원특별자치도 춘천시 후석로 314,144.76,105.32,321.83
24291,강원특별자치도 춘천시 춘천로270번길 29,137.76,105.32,321.83
24280,강원특별자치도 춘천시 백령로 178,145.23,105.32,321.83
24297,강원특별자치도 춘천시 만천로195번길 42,144.7,105.32,321.83
24277,강원특별자치도 춘천시 춘천로310번길 22,138.07,105.32,321.83
24234,강원특별자치도 춘천시 춘천로 355,144.95,105.32,321.83
24255,강원특별자치도 춘천시 후석로379번길 53,138.02,105.32,321.83
24278,강원특별자치도 춘천시 백령로 223,144.69,105.32,321.83
24284,강원특별자치도 춘천시 후석로 245,144.73,105.32,321.83
24302,강원특별자치도 춘천시 보안길 54,144.71,105.32,321.83
24298,강원특별자치도 춘천시 만천로195번길 43,144.7,105.32,321.83
24251,강원특별자치도 춘천시 후석로441번길 29,145.69,105.32,321.83
24256,강원특별자치도 춘천시 성심로47번길 56,137.82,105.32,321.83
24299,강원특별자치도 춘천시 후석로 334,144.75,105.32,321.83
24254,강원특별자치도 춘천시 삭주로128번길 8,145.46,105.32,321.83
24312,강원특별자치도 춘천시 복골길 14,144.78,105.32,321.83
24301,강원특별자치도 춘천시 세실로 272,144.51,105.32,321.83
24308,강원특별자치도 춘천시 서부대성로 409,143.35,105.32,321.83
24282,강원특별자치도 춘천시 부안길 18,144.63,105.32,321.83
24300,강원특별자치도 춘천시 후석로344번길 28,144.97,105.32,321.83
24307,강원특별자치도 춘천시 세실로192번길 12,144.27,105.32,321.83
24283,강원특별자치도 춘천시 부평길 20,144.58,105.32,321.83
24279,강원특별자치도 춘천시 춘천로270번길 33,137.8,105.32,321.83
24313,강원특별자치도 춘천시 후석로 232,144.41,105.32,321.83
24281,강원특별자치도 춘천시 후만로 31,144.77,105.32,321.83
24285,강원특별자치도 춘천시 부평길 11,144.76,105.32,321.83
24311,강원특별자치도 춘천시 후석로228번길 16,144.26,105.32,321.83
24305,강원특별자치도 춘천시 대양당길 4,144.28,105.32,321.83
24306,강원특별자치도 춘천시 후만로98번길 9,144.27,105.32,321.83
24310,강원특별자치도 춘천시 세실로 187,144.13,105.32,321.83
24286,강원특별자치도 춘천시 후만로24번길 45,144.42,105.32,321.83
24309,강원특별자치도 춘천시 후석로228번길 47,143.98,105.32,321.83
24303,강원특별자치도 춘천시 보안길 36,144.39,105.32,321.83
24250,강원특별자치도 춘천시 후석로 459,145.98,105.32,321.83
24314,강원특별자치도 춘천시 서부대성로 327,144.4,105.32,321.83
26053,강원특별자치도 태백시 금천1길 7,256.14,105.32,321.83
26049,강원특별자치도 태백시 태백로 2306,287.36,105.32,321.83
26048,강원특별자치도 태백시 방터골2길 14,275.77,105.32,321.83
26045,강원특별자치도 태백시 동태백로 340,277.41,105.32,321.83
26044,강원특별자치도 태백시 일광마을길 16,252.45,105.32,321.83
26030,강원특별자치도 태백시 동태백로 876,252.89,105.32,321.83
26028,강원특별자치도 태백시 연화산길 155,252.36,105.32,321.83
26001,강원특별자치도 태백시 백두대간로 1298,256.56,105.32,321.83
26000,강원특별자치도 태백시 백두대간로 1450,258.06,105.32,321.83
26043,강원특별자치도 태백시 소도길 40,245.38,105.32,321.83
26047,강원특별자치도 태백시 장성로 234,274.24,105.32,321.83
26050,강원특별자치도 태백시 계산11길 54,270.86,105.32,321.83
26052,강원특별자치도 태백시 장성로 34,271.06,105.32,321.83
26051,강원특별자치도 태백시 협심길 21,271.12,105.32,321.83
26002,강원특별자치도 태백시 적각길 261,251.56,105.32,321.83
26024,강원특별자치도 태백시 백두대간로 439,249.88,105.32,321.83
26046,강원특별자치도 태백시 동태백로 558,259.76,105.32,321.83
26029,강원특별자치도 태백시 강원남부로 470,250.61,105.32,321.83
26042,강원특별자치도 태백시 백단사길 13,253.44,105.32,321.83
26005,강원특별자치도 태백시 태백로 758,243.94,105.32,321.83
26004,강원특별자치도 태백시 한성3주택길 2,243.58,105.32,321.83
26003,강원특별자치도 태백시 태백로 283,254.57,105.32,321.83
26010,강원특별자치도 태백시 고원로 332,243.91,105.32,321.83
26021,강원특별자치도 태백시 황지로 72,246.92,105.32,321.83
26016,강원특별자치도 태백시 문예길 9,246.66,105.32,321.83
26027,강원특별자치도 태백시 풀미당골길 35,246.1,105.32,321.83
26031,강원특별자치도 태백시 번영로 277,246.75,105.32,321.83
26014,강원특별자치도 태백시 문화로2길 32,246.63,105.32,321.83
26008,강원특별자치도 태백시 연지로 6,245.71,105.32,321.83
26026,강원특별자치도 태백시 황지로 220,247.7,105.32,321.83
26011,강원특별자치도 태백시 황지북3길 23,245.58,105.32,321.83
26034,강원특별자치도 태백시 대학길 97,249.03,105.32,321.83
26041,강원특별자치도 태백시 태백산로 5110,249.76,105.32,321.83
26036,강원특별자치도 태백시 지지리골길 17,246.75,105.32,321.83
26035,강원특별자치도 태백시 서학1길 53,248.56,105.32,321.83
26019,강원특별자치도 태백시 태붐로 8,250.41,105.32,321.83
26023,강원특별자치도 태백시 태붐로 9,247.6,105.32,321.83
26018,강원특별자치도 태백시 문화로 6,246.83,105.32,321.83
26013,강원특별자치도 태백시 태백로 986,246.28,105.32,321.83
26006,강원특별자치도 태백시 황지로 245,244.68,105.32,321.83
26037,강원특별자치도 태백시 상장남길 27,249.14,105.32,321.83
26017,강원특별자치도 태백시 고원로 145,245.82,105.32,321.83
26040,강원특별자치도 태백시 태백로 1053,247.03,105.32,321.83
26039,강원특별자치도 태백시 상장로 105,247.91,105.32,321.83
26038,강원특별자치도 태백시 고원로 19,247.86,105.32,321.83
26015,강원특별자치도 태백시 번영로 342,246.18,105.32,321.83
26022,강원특별자치도 태백시 황지로 45,247.12,105.32,321.83
26007,강원특별자치도 태백시 먹거리길 36,247.78,105.32,321.83
26032,강원특별자치도 태백시 해지개길 13,247.43,105.32,321.83
26009,강원특별자치도 태백시 고원로 203,245.81,105.32,321.83
26033,강원특별자치도 태백시 청솔길 13,247.66,105.32,321.83
26012,강원특별자치도 태백시 시장남2길 17,245.91,105.32,321.83
26025,강원특별자치도 태백시 장수4길 16,244.78,105.32,321.83
26020,강원특별자치도 태백시 연립길 23,248.05,105.32,321.83
25339,강원특별자치도 평창군 비안길 66,192.81,105.32,321.83
25348,강원특별자치도 평창군 삼현동1길 14,199,105.32,321.83
25353,강원특별자치도 평창군 수하로 568,206.33,105.32,321.83
25352,강원특별자치도 평창군 올림픽로 395,202.69,105.32,321.83
25351,강원특별자치도 평창군 삼현동1길 204,198.65,105.32,321.83
25350,강원특별자치도 평창군 전나무길 45,189.19,105.32,321.83
25349,강원특별자치도 평창군 높은다리길 47,199.2,105.32,321.83
25340,강원특별자치도 평창군 춘두목길 40,196.76,105.32,321.83
25342,강원특별자치도 평창군 대관령마루길 7,197.34,105.32,321.83
25344,강원특별자치도 평창군 횡계1길 10,196.87,105.32,321.83
25343,강원특별자치도 평창군 송천길 30,197.26,105.32,321.83
25341,강원특별자치도 평창군 꽃밭양지길 48,196.82,105.32,321.83
25347,강원특별자치도 평창군 올림픽로 58,196.25,105.32,321.83
25345,강원특별자치도 평창군 해당화2길 1,196.42,105.32,321.83
25346,강원특별자치도 평창군 눈마을2길 13,197.01,105.32,321.83
25357,강원특별자치도 평창군 장미산길 67,175.34,105.32,321.83
25359,강원특별자치도 평창군 대화1길 11,176.88,105.32,321.83
25355,강원특별자치도 평창군 던짓골1길 189,178.79,105.32,321.83
25356,강원특별자치도 평창군 평창대로 1093,176.9,105.32,321.83
25360,강원특별자치도 평창군 하일동길 103,181.63,105.32,321.83
25358,강원특별자치도 평창군 청룡길 32,176.46,105.32,321.83
25362,강원특별자치도 평창군 선애길 98,171.46,105.32,321.83
25354,강원특별자치도 평창군 모릿재로 244,177.41,105.32,321.83
25361,강원특별자치도 평창군 평창대로 556,169.03,105.32,321.83
25363,강원특별자치도 평창군 중왕산길 46,171.59,105.32,321.83
25384,강원특별자치도 평창군 평창동강로 416,191.63,105.32,321.83
25383,강원특별자치도 평창군 아리랑길 13,191.4,105.32,321.83
25382,강원특별자치도 평창군 밤재로 219,185.75,105.32,321.83
25381,강원특별자치도 평창군 평안한치길 336,189.57,105.32,321.83
25380,강원특별자치도 평창군 옥수암길 73,188.23,105.32,321.83
25364,강원특별자치도 평창군 삼형제길 279,156.62,105.32,321.83
25365,강원특별자치도 평창군 평창대로 8,163.58,105.32,321.83
25366,강원특별자치도 평창군 여우재길 189,153.29,105.32,321.83
25301,강원특별자치도 평창군 보래령로 491,178.58,105.32,321.83
25309,강원특별자치도 평창군 길음동길 41,162.26,105.32,321.83
25307,강원특별자치도 평창군 태기로 228,165.98,105.32,321.83
25306,강원특별자치도 평창군 안흥동1길 25,164.57,105.32,321.83
25305,강원특별자치도 평창군 백운동길 173,167.04,105.32,321.83
25302,강원특별자치도 평창군 흥정계곡길 22,168.51,105.32,321.83
25304,강원특별자치도 평창군 기풍7길 3,174.01,105.32,321.83
25311,강원특별자치도 평창군 버들개1길 85,167.77,105.32,321.83
25308,강원특별자치도 평창군 진조길 57,163.09,105.32,321.83
25303,강원특별자치도 평창군 기풍8길 32,173.48,105.32,321.83
25310,강원특별자치도 평창군 금산동길 170,171.9,105.32,321.83
25300,강원특별자치도 평창군 흥정계곡길 190,170.18,105.32,321.83
25312,강원특별자치도 평창군 운두령로 759,182.47,105.32,321.83
25313,강원특별자치도 평창군 도사길 138,173.15,105.32,321.83
25316,강원특별자치도 평창군 금당계곡로 1957,170.93,105.32,321.83
25314,강원특별자치도 평창군 구룡소길 16,176.68,105.32,321.83
25315,강원특별자치도 평창군 갈정지길 6,168.58,105.32,321.83
25317,강원특별자치도 평창군 금당길 785,168.69,105.32,321.83
25322,강원특별자치도 평창군 경강로 4108,187.85,105.32,321.83
25318,강원특별자치도 평창군 오대산로 100,193,105.32,321.83
25335,강원특별자치도 평창군 거문길 13,193.76,105.32,321.83
25321,강원특별자치도 평창군 탑동길 26,189.4,105.32,321.83
25337,강원특별자치도 평창군 청심대길 11,192.92,105.32,321.83
25338,강원특별자치도 평창군 막동길 120,200.07,105.32,321.83
25336,강원특별자치도 평창군 신기봉산로 1181,199.57,105.32,321.83
25323,강원특별자치도 평창군 면의동길 277,184.49,105.32,321.83
25327,강원특별자치도 평창군 진벌2길 47,181.58,105.32,321.83
25331,강원특별자치도 평창군 송정택지1길 32,182.82,105.32,321.83
25330,강원특별자치도 평창군 땅골길 2,185.67,105.32,321.83
25328,강원특별자치도 평창군 약수동길 156,183.58,105.32,321.83
25320,강원특별자치도 평창군 방아다리로 1007,182.73,105.32,321.83
25319,강원특별자치도 평창군 탑동길 295,192.2,105.32,321.83
25325,강원특별자치도 평창군 진부새싹길 27,182.51,105.32,321.83
25333,강원특별자치도 평창군 석두로 15,185.8,105.32,321.83
25332,강원특별자치도 평창군 청송로 109,182.9,105.32,321.83
25326,강원특별자치도 평창군 궁궐목길 7,184.44,105.32,321.83
25324,강원특별자치도 평창군 청송로 5,182.72,105.32,321.83
25334,강원특별자치도 평창군 오대천로 1793,185.5,105.32,321.83
25329,강원특별자치도 평창군 호명길 200,185.56,105.32,321.83
25368,강원특별자치도 평창군 옥고개길 242,168.89,105.32,321.83
25370,강원특별자치도 평창군 고길천로 655,184.01,105.32,321.83
25371,강원특별자치도 평창군 고길천1길 70,177.55,105.32,321.83
25379,강원특별자치도 평창군 평창강로 454,171.03,105.32,321.83
25378,강원특별자치도 평창군 꽃기길 80,176.01,105.32,321.83
25373,강원특별자치도 평창군 평창강로 1098,176.6,105.32,321.83
25372,강원특별자치도 평창군 여만길 189,173.46,105.32,321.83
25369,강원특별자치도 평창군 용항상촌길 130,170.15,105.32,321.83
25367,강원특별자치도 평창군 원당길 258,171.2,105.32,321.83
25377,강원특별자치도 평창군 종부로 156,174.51,105.32,321.83
25375,강원특별자치도 평창군 노성로 210,173.05,105.32,321.83
25376,강원특별자치도 평창군 서동로 2505,173.28,105.32,321.83
25374,강원특별자치도 평창군 송학로 79,172.43,105.32,321.83
25105,강원특별자치도 홍천군 응아지길 294,136.24,105.32,321.83
25106,강원특별자치도 홍천군 숲골길 327,131.44,105.32,321.83
25108,강원특별자치도 홍천군 남노일로 30,127.51,105.32,321.83
25109,강원특별자치도 홍천군 시동안로 171,132.02,105.32,321.83
25110,강원특별자치도 홍천군 향화터길 217,145.84,105.32,321.83
25107,강원특별자치도 홍천군 화전들길 82,127.75,105.32,321.83
25170,강원특별자치도 홍천군 가덕길 72,210.29,105.32,321.83
25169,강원특별자치도 홍천군 수유동길 421,171.83,105.32,321.83
25171,강원특별자치도 홍천군 운두령로 679,194.02,105.32,321.83
25161,강원특별자치도 홍천군 군유동길 31,163.87,105.32,321.83
25163,강원특별자치도 홍천군 미골길 84,156.36,105.32,321.83
25162,강원특별자치도 홍천군 동창로153번길 52,160.12,105.32,321.83
25160,강원특별자치도 홍천군 광석로 834,166.26,105.32,321.83
25164,강원특별자치도 홍천군 자은로 91,153.15,105.32,321.83
25111,강원특별자치도 홍천군 운수골길 66,126.89,105.32,321.83
25116,강원특별자치도 홍천군 굴지강변로 556,140.13,105.32,321.83
25112,강원특별자치도 홍천군 능평길 55,133.91,105.32,321.83
25113,강원특별자치도 홍천군 성동로 949,148.6,105.32,321.83
25115,강원특별자치도 홍천군 상화계6길 34,133.86,105.32,321.83
25114,강원특별자치도 홍천군 능안길 110,155.37,105.32,321.83
25100,강원특별자치도 홍천군 개야로 240,113.86,105.32,321.83
25103,강원특별자치도 홍천군 한서로 2168,122,105.32,321.83
25104,강원특별자치도 홍천군 길곡길 300,106.47,105.32,321.83
25102,강원특별자치도 홍천군 한치골길 83,126.89,105.32,321.83
25101,강원특별자치도 홍천군 도인촌길 128,131.43,105.32,321.83
25167,강원특별자치도 홍천군 검산길 389,199.29,105.32,321.83
25168,강원특별자치도 홍천군 군두리길 175,197.19,105.32,321.83
25165,강원특별자치도 홍천군 진여울길99번길 31,165.56,105.32,321.83
25166,강원특별자치도 홍천군 구룡령로 2402,164.96,105.32,321.83
25153,강원특별자치도 홍천군 산수골2길 37,162.28,105.32,321.83
25155,강원특별자치도 홍천군 노천논골길 34,171.59,105.32,321.83
25152,강원특별자치도 홍천군 덕치새들길 7,160.75,105.32,321.83
25154,강원특별자치도 홍천군 수타사로 80,161.24,105.32,321.83
25125,강원특별자치도 홍천군 홍천로 501,157.73,105.32,321.83
25129,강원특별자치도 홍천군 소옥개로 70,157.37,105.32,321.83
25124,강원특별자치도 홍천군 석화로 140,156.38,105.32,321.83
25131,강원특별자치도 홍천군 닭바위1길 9,156.72,105.32,321.83
25150,강원특별자치도 홍천군 공작산로 150,157.16,105.32,321.83
25128,강원특별자치도 홍천군 결운로 43,158.04,105.32,321.83
25130,강원특별자치도 홍천군 갈마로 14,156.64,105.32,321.83
25151,강원특별자치도 홍천군 오룡로 70,158.4,105.32,321.83
25126,강원특별자치도 홍천군 홍천로 773,161.51,105.32,321.83
25118,강원특별자치도 홍천군 높은터로 841,140.53,105.32,321.83
25119,강원특별자치도 홍천군 삼마치길 6,145.32,105.32,321.83
25117,강원특별자치도 홍천군 새술막길 80,130,105.32,321.83
25134,강원특별자치도 홍천군 꽃뫼로 99,138.08,105.32,321.83
25136,강원특별자치도 홍천군 꽃뫼로 90,155.04,105.32,321.83
25137,강원특별자치도 홍천군 신장대로 90,155.5,105.32,321.83
25138,강원특별자치도 홍천군 마지기로 19,155.4,105.32,321.83
25139,강원특별자치도 홍천군 홍천로 360,154.97,105.32,321.83
25132,강원특별자치도 홍천군 홍천로 392,155.36,105.32,321.83
25147,강원특별자치도 홍천군 남산마을길5길 14,154.77,105.32,321.83
25140,강원특별자치도 홍천군 송학로5길 2,154.15,105.32,321.83
25142,강원특별자치도 홍천군 열산골길 8,153.87,105.32,321.83
25141,강원특별자치도 홍천군 무궁화로4길 15,153.73,105.32,321.83
25145,강원특별자치도 홍천군 연봉로3길 18,154.21,105.32,321.83
25149,강원특별자치도 홍천군 남산강변로1길 1,154.33,105.32,321.83
25146,강원특별자치도 홍천군 연봉서로3길 12,154.18,105.32,321.83
25143,강원특별자치도 홍천군 무궁화로 38,153.61,105.32,321.83
25144,강원특별자치도 홍천군 연봉서로 44,154.11,105.32,321.83
25148,강원특별자치도 홍천군 남산마을길 13,154.91,105.32,321.83
25127,강원특별자치도 홍천군 와동로202번길 33,159.87,105.32,321.83
25133,강원특별자치도 홍천군 홍천로 443,156.1,105.32,321.83
25120,강원특별자치도 홍천군 두개비산로 25,138.42,105.32,321.83
25122,강원특별자치도 홍천군 희망로 27,155.48,105.32,321.83
25135,강원특별자치도 홍천군 홍천로2길 16,154.88,105.32,321.83
25123,강원특별자치도 홍천군 희망로13길 15,138.94,105.32,321.83
25121,강원특별자치도 홍천군 마지기로 85,155.69,105.32,321.83
25156,강원특별자치도 홍천군 오림촌길 64,165.62,105.32,321.83
25159,강원특별자치도 홍천군 당무마을길 50,154.37,105.32,321.83
25158,강원특별자치도 홍천군 굴운로279번길 294,165.84,105.32,321.83
25157,강원특별자치도 홍천군 성산로 109,142.68,105.32,321.83
24139,강원특별자치도 화천군 새말길 82,161.37,105.32,321.83
24132,강원특별자치도 화천군 배터길 36,173.06,105.32,321.83
24133,강원특별자치도 화천군 파로호로 391,171.25,105.32,321.83
24134,강원특별자치도 화천군 가래울길 152,166.03,105.32,321.83
24135,강원특별자치도 화천군 간척월명로 826,168.87,105.32,321.83
24136,강원특별자치도 화천군 운수길 135,170.2,105.32,321.83
24111,강원특별자치도 화천군 신내길 89,172.82,105.32,321.83
24137,강원특별자치도 화천군 간척월명로 288,163.36,105.32,321.83
24138,강원특별자치도 화천군 파로호로 1073,164.17,105.32,321.83
24150,강원특별자치도 화천군 포화로 718,121.86,105.32,321.83
24149,강원특별자치도 화천군 박달로 493,134.99,105.32,321.83
24148,강원특별자치도 화천군 복주산길 55,174.95,105.32,321.83
24155,강원특별자치도 화천군 상록길 12,132.14,105.32,321.83
24159,강원특별자치도 화천군 포화로 1053,131.29,105.32,321.83
24151,강원특별자치도 화천군 수피령로 131,132.68,105.32,321.83
24153,강원특별자치도 화천군 수피령로 102,132.53,105.32,321.83
24157,강원특별자치도 화천군 문화마을1길 121,131.51,105.32,321.83
24156,강원특별자치도 화천군 포화로 1103,132.23,105.32,321.83
24158,강원특별자치도 화천군 화악산로 1028,131.09,105.32,321.83
24154,강원특별자치도 화천군 사내로 28,131.62,105.32,321.83
24161,강원특별자치도 화천군 화악산로 793,133.2,105.32,321.83
24160,강원특별자치도 화천군 포화로 1004,130.19,105.32,321.83
24152,강원특별자치도 화천군 사내천로 171,135.55,105.32,321.83
24105,강원특별자치도 화천군 구운리길 51,189.05,105.32,321.83
24107,강원특별자치도 화천군 영서로 7177,184.02,105.32,321.83
24104,강원특별자치도 화천군 수피령로 1284,139.12,105.32,321.83
24100,강원특별자치도 화천군 신월동로 475,175.99,105.32,321.83
24103,강원특별자치도 화천군 내봉동길 50,158.44,105.32,321.83
24101,강원특별자치도 화천군 영서로 7501,184.78,105.32,321.83
24102,강원특별자치도 화천군 멋둔길 59,186.76,105.32,321.83
24108,강원특별자치도 화천군 토고미길 139,178.96,105.32,321.83
24122,강원특별자치도 화천군 구둔지길 34,176.43,105.32,321.83
24106,강원특별자치도 화천군 평촌길 31,160.25,105.32,321.83
24142,강원특별자치도 화천군 거례길 64,168.12,105.32,321.83
24140,강원특별자치도 화천군 춘화로 3174,170.28,105.32,321.83
24145,강원특별자치도 화천군 영서로 5326,135.17,105.32,321.83
24146,강원특별자치도 화천군 계파로 131,136.87,105.32,321.83
24144,강원특별자치도 화천군 계파로 716,186.46,105.32,321.83
24131,강원특별자치도 화천군 영서로 5976,185.25,105.32,321.83
24141,강원특별자치도 화천군 용화산로 1135,173.41,105.32,321.83
24147,강원특별자치도 화천군 영서로 5095,140.82,105.32,321.83
24143,강원특별자치도 화천군 안평길 46,185.08,105.32,321.83
24110,강원특별자치도 화천군 호음로 651,185.97,105.32,321.83
24116,강원특별자치도 화천군 산수화로 45,173.73,105.32,321.83
24115,강원특별자치도 화천군 강변로 171,173.98,105.32,321.83
24121,강원특별자치도 화천군 상승로 117,174.02,105.32,321.83
24117,강원특별자치도 화천군 상승로5길 17,173.85,105.32,321.83
24118,강원특별자치도 화천군 산수화로5길 1,173.71,105.32,321.83
24113,강원특별자치도 화천군 율대로 374,180.63,105.32,321.83
24112,강원특별자치도 화천군 율대로 535,190,105.32,321.83
24126,강원특별자치도 화천군 중앙로9길 32,173.19,105.32,321.83
24125,강원특별자치도 화천군 중앙로9길 38,173.22,105.32,321.83
24124,강원특별자치도 화천군 화천새싹길 40,173.31,105.32,321.83
24120,강원특별자치도 화천군 화천새싹길 23,173.4,105.32,321.83
24119,강원특별자치도 화천군 산수화로1길 51,173.31,105.32,321.83
24123,강원특별자치도 화천군 화천새싹길 18,173.42,105.32,321.83
24114,강원특별자치도 화천군 산천어길 28,173.3,105.32,321.83
24109,강원특별자치도 화천군 한묵령로 158,182.68,105.32,321.83
24130,강원특별자치도 화천군 상승로 32,173.64,105.32,321.83
24129,강원특별자치도 화천군 중앙로2길 23,173.48,105.32,321.83
24128,강원특별자치도 화천군 중앙로6길 42,173.23,105.32,321.83
24127,강원특별자치도 화천군 중앙로8길 15,173.05,105.32,321.83
25259,강원특별자치도 횡성군 태기로구방5길 40,137.12,105.32,321.83
25252,강원특별자치도 횡성군 외갑천로107번길 21,134.83,105.32,321.83
25258,강원특별자치도 횡성군 갑천로 100,142.92,105.32,321.83
25251,강원특별자치도 횡성군 병지방동길 143,147.27,105.32,321.83
25257,강원특별자치도 횡성군 갑천로760번길 105,155.85,105.32,321.83
25272,강원특별자치도 횡성군 태종로강림2길 73,143.87,105.32,321.83
25271,강원특별자치도 횡성군 주천강로강림9길 20,140.32,105.32,321.83
25273,강원특별자치도 횡성군 태종로부곡5길 27,149.3,105.32,321.83
25206,강원특별자치도 횡성군 가곡로 62,135.04,105.32,321.83
25204,강원특별자치도 횡성군 봉화마을길 43,135.16,105.32,321.83
25207,강원특별자치도 횡성군 공근남로300번길 29,129.75,105.32,321.83
25208,강원특별자치도 횡성군 도곡로 187,133.72,105.32,321.83
25205,강원특별자치도 횡성군 금계로부창6길 63,139.61,105.32,321.83
25203,강원특별자치도 횡성군 영서로 1017,140.91,105.32,321.83
25209,강원특별자치도 횡성군 경강로신촌1길 74,128.81,105.32,321.83
25266,강원특별자치도 횡성군 경강로궁종1길 127,145.19,105.32,321.83
25263,강원특별자치도 횡성군 고원로425번길 112,151.58,105.32,321.83
25264,강원특별자치도 횡성군 고원로 158,148.03,105.32,321.83
25265,강원특별자치도 횡성군 경강로둔방5길 8,147.01,105.32,321.83
25260,강원특별자치도 횡성군 갑천로 1176,150.83,105.32,321.83
25261,강원특별자치도 횡성군 삽교로 160,155.17,105.32,321.83
25267,강원특별자치도 횡성군 강변로영랑2길 71,151.19,105.32,321.83
25262,강원특별자치도 횡성군 청태산로154번길 36,149.79,105.32,321.83
25200,강원특별자치도 횡성군 금대남길 127,140.13,105.32,321.83
25202,강원특별자치도 횡성군 월송석화로 203,107.79,105.32,321.83
25201,강원특별자치도 횡성군 백로마을1길 30,117.36,105.32,321.83
25270,강원특별자치도 횡성군 서동로 1879,145.09,105.32,321.83
25269,강원특별자치도 횡성군 성산남길 61,152.58,105.32,321.83
25268,강원특별자치도 횡성군 노동로 205,152.09,105.32,321.83
25249,강원특별자치도 횡성군 한우로두곡5길 126,133.19,105.32,321.83
25250,강원특별자치도 횡성군 서동로백달2길 46,130.25,105.32,321.83
25248,강원특별자치도 횡성군 우천제2농공단지로 65,129.13,105.32,321.83
25244,강원특별자치도 횡성군 경강로 2958,133.26,105.32,321.83
25246,강원특별자치도 횡성군 대미원로 449,132.75,105.32,321.83
25245,강원특별자치도 횡성군 정포로 87,136.77,105.32,321.83
25247,강원특별자치도 횡성군 하대5길 109,131.03,105.32,321.83
25256,강원특별자치도 횡성군 봉덕로 506,154.54,105.32,321.83
25255,강원특별자치도 횡성군 청일로453번길 105,158.92,105.32,321.83
25253,강원특별자치도 횡성군 봉명로 443,161.5,105.32,321.83
25254,강원특별자치도 횡성군 봉덕로 5,147.47,105.32,321.83
25239,강원특별자치도 횡성군 수류암로211번길 5,129.82,105.32,321.83
25238,강원특별자치도 횡성군 광학로 463,128.56,105.32,321.83
25212,강원특별자치도 횡성군 태기로개전1길 61,131.06,105.32,321.83
25241,강원특별자치도 횡성군 횡성로 140,124,105.32,321.83
25235,강원특별자치도 횡성군 교항로 9,127.54,105.32,321.83
25234,강원특별자치도 횡성군 교항북로 7,127.72,105.32,321.83
25230,강원특별자치도 횡성군 횡성로 346,128.08,105.32,321.83
25211,강원특별자치도 횡성군 섬강로708번길 16,133.08,105.32,321.83
25242,강원특별자치도 횡성군 남산동로 32,129.24,105.32,321.83
25210,강원특별자치도 횡성군 섬강로125번길 77,128.24,105.32,321.83
25229,강원특별자치도 횡성군 경강로 2164,128.69,105.32,321.83
25214,강원특별자치도 횡성군 마산로 135,128.5,105.32,321.83
25228,강원특별자치도 횡성군 한우로마산3길 60,128.83,105.32,321.83
25240,강원특별자치도 횡성군 횡성로 246,125.05,105.32,321.83
25216,강원특별자치도 횡성군 화성로 99,127.39,105.32,321.83
25215,강원특별자치도 횡성군 북천동로 17,127.41,105.32,321.83
25225,강원특별자치도 횡성군 북천서로 10,127.33,105.32,321.83
25223,강원특별자치도 횡성군 북천서로3번길 34,127.3,105.32,321.83
25222,강원특별자치도 횡성군 화성로 41,127.3,105.32,321.83
25224,강원특별자치도 횡성군 북천서로23번길 19,127.57,105.32,321.83
25217,강원특별자치도 횡성군 삼일로 93,126.84,105.32,321.83
25232,강원특별자치도 횡성군 읍상로 54,127.28,105.32,321.83
25227,강원특별자치도 횡성군 향교서로 12,127.74,105.32,321.83
25226,강원특별자치도 횡성군 문정로19번길 41,127.52,105.32,321.83
25231,강원특별자치도 횡성군 읍상동로12번길 10,127.67,105.32,321.83
25221,강원특별자치도 횡성군 화성로 15,127.6,105.32,321.83
25233,강원특별자치도 횡성군 삼일로 3,127.15,105.32,321.83
25220,강원특별자치도 횡성군 태기로19번길 10,127.03,105.32,321.83
25237,강원특별자치도 횡성군 한우로242번길 3,126.56,105.32,321.83
25219,강원특별자치도 횡성군 읍하로25번길 19,126.68,105.32,321.83
25218,강원특별자치도 횡성군 섬강로 8,126.41,105.32,321.83
25236,강원특별자치도 횡성군 앞들서3로 6,126.86,105.32,321.83
25243,강원특별자치도 횡성군 정암길 257,133.48,105.32,321.83
25213,강원특별자치도 횡성군 한우로조곡4길 12,130.83,105.32,321.83
